Board,Jugador,Subasta,Grilla,Desc_o_Preg,Force,Alert,Conv,Min_HCP,Max_HCP,Min_S,Max_S,Min_H,Max_H,Min_D,Max_D,Min_C,Max_C,Num Key Cards,union,Q Triunfo,Control Pic,Control Cor,Control Dia,Control Tre
1,N,Pass,0,Describe,No,No,NA,0,11,0,6,0,6,0,6,0,6,,,,,,,
1,E,1Tre,110,D_scrib_,No,S_,NA,11,21,0,4,0,4,0,4,2,13,,,,,,,
1,S,1NT,190,Describe,No,No,NA,15,18,2,5,2,5,2,5,2,5,,,,,,,
1,W,Pass,0,Describe,No,No,NA,0,7,0,6,0,6,0,6,0,5,,,,,,,1
1,N,Pass,0,Describe,No,No,NA,0,11,0,6,0,6,0,6,0,6,,,,,,,
1,E,Pass,0,Describe,No,Si,NA,11,21,0,4,0,4,0,4,2,13,,,,,,,
2,E,Pass,0,Describe,No,No,NA,0,11,0,6,0,6,0,6,0,6,,,,,,,
2,S,Pass,0,Describe,No,No,NA,0,11,0,6,0,6,0,6,0,6,,,,,,,
2,W,Pass,0,Describe,No,No,NA,0,11,0,6,0,6,0,6,0,6,,,,,,,
2,N,1Tre,110,Describe,No,No,NA,10,21,0,6,0,6,0,6,2,9,,,,,,,
2,E,Pass,0,Describe,No,No,NA,0,11,0,6,0,6,0,6,0,6,,,,,,,
2,S,1NT,190,Describe,No,No,NA,6,11,2,3,2,3,2,4,2,6,,,,,,,
2,W,X,191,Describe,Si,No,T/O Double,10,11,3,4,3,4,3,5,0,3,,,,,,,
2,N,Pass,0,Describe,No,No,NA,10,21,0,6,0,6,0,6,2,9,,,,,,,
2,E,2Cor,250,Describe,No,No,NA,0,11,0,4,3,6,0,6,0,6,,,,,,,
2,S,3Tre,310,Describe,No,No,NA,6,11,2,3,2,3,2,4,4,6,,,,,,,
2,W,Pass,0,Describe,Si,No,T/O Double,10,11,3,4,3,4,3,5,0,3,,,,,,,
2,N,Pass,0,Describe,No,No,NA,10,21,0,6,0,6,0,6,2,9,,,,,,,
2,E,Pass,0,Describe,No,No,NA,0,11,0,4,3,6,0,6,0,6,,,,,,,
3,S,Pass,0,Describe,No,No,NA,0,11,0,6,0,6,0,6,0,6,,,,,,,
3,W,1Dia,130,Describe,No,No,NA,11,21,0,4,0,4,4,9,0,9,,,,,,,
3,N,Pass,0,Describe,No,No,NA,0,14,0,6,0,6,0,6,0,6,,,,,,,
3,E,1Pic,170,Describe,Si,No,NA,6,29,4,9,0,9,0,9,0,9,,,,,,,
3,S,X,171,Describe,Si,No,T/O Double,8,11,0,3,4,5,0,3,4,6,,,,,,,
3,W,2Dia,230,Describe,No,No,NA,11,15,0,4,0,4,5,9,0,9,,,,,,,
3,N,Pass,0,Describe,No,No,NA,0,10,0,6,0,4,0,6,0,4,,,,,,,
3,E,2Cor,250,Describe,Si,No,NA,10,29,4,5,0,4,3,9,0,9,,,,,,,
3,S,Pass,0,Describe,Si,No,T/O Double,8,11,0,3,4,5,0,3,4,6,,,,,1,,
3,W,3NT,390,Describe,No,No,NA,13,15,0,4,0,4,5,9,0,9,,,,,,,1
3,N,Pass,0,Describe,No,No,NA,0,10,0,6,0,4,0,6,0,4,,,,,,,
3,E,Pass,0,Describe,Si,No,NA,10,29,4,5,0,4,3,9,0,9,,,,,,,
3,S,Pass,0,Describe,Si,No,T/O Double,8,11,0,3,4,5,0,3,4,6,,,,,1,,
4,W,1Dia,130,Describe,No,No,NA,11,21,0,4,0,4,4,9,0,9,,,,,,,
4,N,Pass,0,Describe,No,No,NA,0,14,0,6,0,6,0,6,0,6,,,,,,,
4,E,1Pic,170,Describe,Si,No,NA,5,29,4,9,0,9,0,9,0,9,,,,,,,
4,S,Pass,0,Describe,No,No,NA,0,14,0,6,0,6,0,6,0,6,,,,,,,
4,W,2Cor,250,Describe,Si,No,NA,17,21,0,4,4,4,4,9,0,9,,,,,,,
4,N,Pass,0,Describe,No,No,NA,11,21,0,4,0,4,4,9,0,9,,,,,,,
4,E,2Pic,270,Describe,Si,No,NA,5,29,5,9,0,3,0,9,0,9,,,,,,,
4,S,Pass,0,Describe,No,No,NA,0,14,0,6,0,6,0,6,0,6,,,,,,,
4,W,3Tre,310,Describe,Si,No,NA,17,21,0,4,4,4,4,9,3,4,,,,,,,
4,N,Pass,0,Describe,No,No,NA,11,21,0,4,0,4,4,9,0,9,,,,,,,
4,E,3Dia,330,Describe,Si,No,NA,5,29,5,9,0,3,4,5,0,5,,,,,,,
4,S,Pass,0,Describe,No,No,NA,0,14,0,6,0,6,0,6,0,6,,,,,,,
4,W,3NT,390,Describe,No,No,NA,17,21,0,4,4,4,4,9,3,4,,,,,,,
4,N,Pass,0,Describe,No,No,NA,11,21,0,4,0,4,4,9,0,9,,,,,,,
4,E,Pass,0,Describe,No,No,NA,5,29,5,9,0,3,4,5,0,5,,,,,,,
4,S,Pass,0,Describe,No,No,NA,0,14,0,6,0,6,0,6,0,6,,,,,,,
5,N,1Dia,130,Describe,No,No,NA,11,21,0,4,0,4,4,9,0,9,,,,,,,
5,E,1Pic,170,Describe,No,No,NA,8,17,5,9,0,6,0,6,0,6,,,,,,,
5,S,Pass,0,Describe,No,No,NA,0,10,0,6,0,6,0,4,0,6,,,,,,,
5,W,1NT,190,Describe,No,No,NA,8,11,1,2,2,4,2,5,2,4,,,,,,1,
5,N,2Dia,230,Describe,No,No,NA,11,16,0,4,0,4,5,9,0,9,,,,,,,
5,E,Pass,0,Describe,No,No,NA,8,14,5,6,0,6,0,6,0,6,,,,,,,
5,S,Pass,0,Describe,No,No,NA,0,10,0,6,0,6,0,4,0,6,,,,,,,
5,W,Pass,0,Describe,No,No,NA,8,11,1,2,2,4,2,5,2,4,,,,,,1,
6,E,Pass,0,Describe,No,No,NA,0,11,0,6,0,6,0,6,0,6,,,,,,,
6,S,Pass,0,Describe,No,No,NA,0,11,0,6,0,6,0,6,0,6,,,,,,,
6,W,2Cor,250,Describe,No,No,NA,6,10,0,6,6,6,0,6,0,6,,,,,,,
6,N,X,251,Describe,No,No,T/O Double,11,37,3,9,0,3,3,9,3,9,,,,,,,
6,E,Pass,0,Describe,No,No,NA,0,11,0,6,0,3,0,6,0,6,,,,,,,
6,S,2NT,290,Describe,No,No,NA,6,11,0,3,2,6,0,5,0,5,,,,,,,
6,W,Pass,0,Describe,No,No,NA,6,10,0,6,6,6,0,6,0,6,,,,,,,
6,N,3NT,390,Describe,No,No,NA,13,15,3,4,0,3,3,5,3,5,,,,,,,
6,E,Pass,0,Describe,No,No,NA,0,11,0,6,0,3,0,6,0,6,,,,,,,
6,S,Pass,0,Describe,No,No,NA,6,11,0,3,2,6,0,5,0,5,,,,,,,
6,W,Pass,0,Describe,No,No,NA,6,10,0,6,6,6,0,6,0,6,,,,,,,
7,S,1Pic,170,Describe,No,No,NA,11,21,5,9,0,9,0,9,0,9,,,,,,,
7,W,Pass,0,Describe,No,No,NA,0,14,0,6,0,6,0,6,0,6,,,,,,,
7,N,2Pic,270,Describe,No,No,NA,5,9,3,3,0,5,0,6,0,6,,,,,,,
7,E,Pass,0,Describe,No,No,NA,0,14,0,6,0,6,0,6,0,6,,,,,,,
7,S,3Cor,350,Describe,Si,No,Game try,14,17,5,9,4,5,0,4,0,4,,,,,,,
7,W,Pass,0,Describe,No,No,NA,0,14,0,6,0,6,0,6,0,6,,,,,,,
7,N,3Pic,370,Describe,No,No,NA,5,7,3,3,0,3,0,6,0,6,,,,,,,
7,E,Pass,0,Describe,No,No,NA,0,14,0,6,0,6,0,6,0,6,,,,,,,
7,S,Pass,0,Describe,Si,No,Game try,14,17,5,9,4,5,0,4,0,4,,,,,,,
7,W,Pass,0,Describe,No,No,NA,0,14,0,6,0,6,0,6,0,6,,,,,,,
8,W,Pass,0,Describe,No,No,NA,0,11,0,6,0,6,0,6,0,6,,,,,,,
8,N,1Dia,130,Describe,No,No,NA,11,21,0,4,0,4,4,9,0,9,,,,,,,
8,E,1Pic,170,Describe,No,No,NA,8,17,5,7,0,4,0,6,0,6,,,,,,,
8,S,X,171,Describe,Si,No,Doblo negativo,7,29,0,5,4,9,0,9,0,9,,,,,,,
8,W,4Pic,470,Describe,No,No,NA,0,8,4,6,0,4,0,5,0,5,,,,,,,
8,N,5Cor,550,Describe,No,No,NA,14,18,0,4,4,5,5,9,0,9,,,,,,,
8,E,Pass,0,Describe,No,No,NA,8,17,5,7,0,4,0,6,0,6,,,,,,,
8,S,Pass,0,Describe,No,No,NA,7,13,0,5,4,9,0,9,0,9,,,,,,,
8,W,Pass,0,Describe,No,No,NA,0,8,4,6,0,4,0,5,0,5,,,,,,,
8,N,Pass,0,Describe,No,No,NA,14,18,0,4,4,5,5,9,0,9,,,,,,,
9,N,Pass,0,Describe,No,No,NA,0,11,0,6,0,6,0,6,0,6,,,,,,,
9,E,Pass,0,Describe,No,No,NA,0,11,0,6,0,6,0,6,0,6,,,,,,,
9,S,2Tre,210,Describe,Si,No,NA,19,37,0,9,0,9,0,9,0,9,,,,,,,
9,W,Pass,0,Describe,No,No,NA,0,18,0,6,0,6,0,6,0,6,,,,,,,
9,N,2Dia,230,Pregunta,Si,Si,Waiting,0,19,0,6,0,6,0,6,0,6,,,,,,,
9,E,Pass,0,Describe,No,No,NA,0,11,0,6,0,6,0,6,0,6,,,,,,,
9,S,2Cor,250,Describe,Si,Si,Kokish,22,37,0,9,2,9,0,9,0,9,,,,,,,
9,W,Pass,0,Describe,No,No,NA,0,18,0,6,0,6,0,6,0,6,,,,,,,
9,N,2Pic,270,Pregunta,Si,Si,Kokish,0,19,0,6,0,6,0,6,0,6,,,,,,,
9,E,Pass,0,Describe,No,No,NA,0,11,0,6,0,6,0,6,0,6,,,,,,,
9,S,3Dia,330,Describe,Si,Si,Kokish,22,37,0,9,5,9,0,9,0,9,,,,,,,
9,W,Pass,0,Describe,No,No,NA,0,18,0,6,0,6,0,6,0,6,,,,,,,
9,N,4Cor,450,Describe,No,No,NA,0,9,0,6,3,5,0,6,0,6,,,,,,,
9,E,Pass,0,Describe,No,No,NA,0,11,0,6,0,6,0,6,0,6,,,,,,,
9,S,Pass,0,Describe,No,No,NA,22,37,0,9,5,9,0,9,0,9,,,,,,,
9,W,Pass,0,Describe,No,No,NA,0,18,0,6,0,6,0,6,0,6,,,,,,,
10,E,Pass,0,Describe,No,No,NA,0,11,0,6,0,6,0,6,0,6,,,,,,,
10,S,1Dia,130,Describe,No,No,NA,11,21,0,4,0,4,4,9,0,9,,,,,,,
10,W,1Pic,170,Describe,No,No,NA,8,17,5,8,0,4,0,6,0,6,,,,,,,
10,N,3Dia,330,Describe,No,Si,Barrage,0,7,0,4,0,3,5,6,0,6,,,,,,,
10,E,X,331,Describe,Si,No,NA,10,15,2,2,4,5,0,4,4,6,,,,,,,
10,S,Pass,0,Describe,No,No,NA,11,15,0,4,0,4,4,5,0,5,,,,,,,
10,W,3Pic,370,Describe,No,No,NA,8,12,6,6,0,3,0,6,0,4,,,,,,,
10,N,Pass,0,Describe,No,No,NA,0,7,0,4,0,3,5,5,0,6,,,,,,,
10,E,Pass,0,Describe,No,No,NA,10,15,2,2,4,5,0,4,4,6,,,,,,,
10,S,Pass,0,Describe,No,No,NA,11,15,0,4,0,4,4,4,0,5,,,,,,,
11,S,1Cor,150,Describe,No,No,NA,11,21,0,4,5,9,0,9,0,9,,,,,,,
11,W,Pass,0,Describe,No,No,NA,0,14,0,6,0,6,0,6,0,6,,,,,,,
11,N,2Dia,230,Describe,Si,No,NA,12,29,0,4,0,4,5,9,0,9,,,,,,,
11,E,Pass,0,Describe,No,No,NA,0,14,0,6,0,6,0,6,0,6,,,,,,,
11,S,2Cor,250,Describe,No,No,NA,11,14,0,4,5,9,0,9,0,9,,,,,,,
11,W,Pass,0,Describe,No,No,NA,0,14,0,6,0,6,0,6,0,6,,,,,,,
11,N,2NT,290,Describe,Si,No,NA,12,29,2,3,2,2,5,9,2,9,,,,,,,
11,E,Pass,0,Describe,No,No,NA,0,14,0,6,0,6,0,6,0,6,,,,,,,
11,S,3NT,390,Describe,No,No,NA,11,14,0,4,5,9,0,9,0,9,,,,,,,
11,W,Pass,0,Describe,No,No,NA,0,14,0,6,0,6,0,6,0,6,,,,,,,
11,N,4NT,490,Pregunta,No,No,NA,17,18,2,3,2,2,5,9,2,9,,,,,,,
11,E,Pass,0,Describe,No,No,NA,0,14,0,6,0,6,0,6,0,6,,,,,,,
11,S,Pass,0,Describe,No,No,NA,11,14,0,4,5,9,0,9,0,9,,,,,,,
11,W,Pass,0,Describe,No,No,NA,0,14,0,6,0,6,0,6,0,6,,,,,,,
12,W,3Dia,330,Describe,No,No,NA,4,10,0,3,0,3,6,7,0,4,,,,,,,
12,N,X,331,Describe,Si,No,T/O Double,12,29,3,9,3,9,0,3,2,5,,,,,,,
12,E,Pass,0,Describe,No,No,NA,0,14,0,6,0,6,0,6,0,6,,,,,,,
12,S,4Cor,450,Describe,No,No,NA,8,15,0,5,4,9,0,5,0,9,,,,,,,
12,W,Pass,0,Describe,No,No,NA,4,10,0,3,0,3,6,7,0,4,,,,,,,
12,N,Pass,0,Describe,Si,No,T/O Double,12,29,3,9,3,9,0,3,2,5,,,,,,,
12,E,Pass,0,Describe,No,No,NA,0,14,0,6,0,6,0,6,0,6,,,,,,,
13,N,Pass,0,Describe,No,No,NA,0,11,0,6,0,6,0,6,0,6,,,,,,,
13,E,1Pic,170,Describe,No,No,NA,11,21,5,9,0,9,0,9,0,9,,,,,,,
13,S,2Tre,210,Describe,No,No,NA,10,17,0,5,0,4,0,4,5,9,,,,,,,
13,W,3Pic,370,Describe,No,No,NA,0,7,4,4,0,9,0,9,0,9,,,,,,,
13,N,5Tre,510,Describe,No,No,NA,12,16,0,4,0,4,0,4,4,6,,,,,,,
13,E,5Pic,570,Describe,No,No,NA,12,21,6,9,0,9,0,9,0,2,,,,,,,
13,S,6Tre,610,Describe,No,No,NA,10,17,0,5,0,4,0,4,6,9,,,,,,,
13,W,6Pic,670,Describe,No,No,NA,0,7,4,4,0,9,0,9,0,9,,,,,,,
13,N,X,671,Describe,No,No,NA,0,7,4,4,0,9,0,9,0,9,,,,,,,
13,E,Pass,0,Describe,No,No,NA,12,21,6,9,0,9,0,9,0,2,,,,,,,
13,S,Pass,0,Describe,No,No,NA,10,17,0,5,0,4,0,4,6,9,,,,,,,
13,W,Pass,0,Describe,No,No,NA,0,7,4,4,0,9,0,9,0,9,,,,,,,
14,E,1Dia,130,Describe,No,No,NA,11,21,0,4,0,4,4,9,0,9,,,,,,,
14,S,Pass,0,Describe,No,No,NA,0,14,0,6,0,6,0,6,0,6,,,,,,,
14,W,2Pic,270,Describe,No,Si,NA,0,6,6,6,0,4,0,3,0,5,,,,,,,
14,N,3Tre,310,Describe,No,No,NA,12,17,0,4,0,4,0,4,6,8,,,,,,,
14,E,3Dia,330,Describe,No,No,NA,13,18,0,2,0,4,6,9,0,9,,,,,,,
14,S,4Tre,410,Describe,No,No,NA,5,10,0,4,0,4,0,4,4,5,,,,,,,
14,W,4Dia,430,Describe,No,No,NA,0,6,6,6,0,4,3,4,0,5,,,,,,,
14,N,5Tre,510,Describe,No,No,NA,12,17,0,4,0,4,0,4,6,8,,,,,,,
14,E,Pass,0,Describe,No,No,NA,13,18,0,2,0,4,6,9,0,9,,,,,,,
14,S,Pass,0,Describe,No,No,NA,5,10,0,4,0,4,0,4,4,5,,,,,,,
14,W,Pass,0,Describe,No,No,NA,0,6,6,6,0,4,3,4,0,5,,,,,,,
15,S,Pass,0,Describe,No,No,NA,0,11,0,6,0,6,0,6,0,6,,,,,,,
15,W,Pass,0,Describe,No,No,NA,0,11,0,6,0,6,0,6,0,6,,,,,,,
15,N,Pass,0,Describe,No,No,NA,0,11,0,6,0,6,0,6,0,6,,,,,,,
15,E,1NT,190,Describe,No,No,NA,14,17,2,5,2,5,2,5,2,5,,,,,,,
15,S,Pass,0,Describe,No,No,NA,0,11,0,6,0,6,0,6,0,6,,,,,,,
15,W,3NT,390,Describe,No,No,NA,8,11,0,4,0,4,0,5,0,5,,,,,,,
15,N,Pass,0,Describe,No,No,NA,0,11,0,6,0,6,0,6,0,6,,,,,,,
15,E,Pass,0,Describe,No,No,NA,14,17,2,5,2,5,2,5,2,5,,,,,,,
15,S,Pass,0,Describe,No,No,NA,0,11,0,6,0,6,0,6,0,6,,,,,,,
16,W,1Pic,170,Describe,No,No,NA,11,21,5,9,0,9,0,9,0,9,,,,,,,
16,N,X,171,Describe,No,No,T/O Double,12,29,0,3,3,9,3,5,3,5,,,,,,,
16,E,2Cor,250,Describe,Si,Si,Underbid,7,9,3,3,0,6,0,6,0,6,,,,,,,
16,S,X,251,Describe,No,No,NA,5,8,0,4,4,7,0,6,0,6,,,,,,,
16,W,Pass,0,Describe,Si,No,NA,11,21,5,5,0,9,0,9,0,9,,,,,,,
16,N,3Tre,310,Describe,No,No,NA,16,18,0,3,0,3,0,5,5,9,,,,,,,
16,E,Pass,0,Describe,No,No,NA,7,9,3,3,0,6,0,6,0,6,,,,,,,
16,S,3Cor,350,Describe,No,No,NA,5,8,0,4,5,7,0,6,0,6,,,,,,,
16,W,3Pic,370,Describe,Si,No,NA,11,21,5,5,0,9,0,9,0,9,,,,,,,
16,N,Pass,0,Describe,No,No,NA,16,18,0,3,0,3,0,5,5,9,,,,,,,
16,E,Pass,0,Describe,No,No,NA,7,9,3,3,0,6,0,6,0,6,,,,,,,
16,S,Pass,0,Describe,No,No,NA,5,8,0,4,5,7,0,6,0,6,,,,,,,
17,N,Pass,0,Describe,No,No,NA,0,11,0,6,0,6,0,6,0,6,,,,,,,
17,E,1NT,190,Describe,No,No,NA,14,17,2,5,2,5,2,5,2,5,,,,,,,
17,S,Pass,0,Describe,No,No,NA,0,14,0,6,0,6,0,6,0,6,,,,,,,
17,W,2Cor,250,Describe,Si,Si,Transfer,0,25,5,9,0,5,0,9,0,9,,,,,,,
17,N,Pass,0,Describe,No,No,NA,0,11,0,6,0,6,0,6,0,6,,,,,,,
17,E,2Pic,270,Describe,No,No,NA,14,17,2,5,2,5,2,5,2,5,,,,,,,
17,S,Pass,0,Describe,No,No,NA,0,14,0,6,0,6,0,6,0,6,,,,,,,
17,W,3Tre,310,Describe,Si,No,NA,9,25,5,9,0,3,0,3,4,9,,,,,,,
17,N,Pass,0,Describe,No,No,NA,0,11,0,6,0,6,0,6,0,6,,,,,,,
17,E,3NT,390,Describe,No,No,NA,14,17,2,2,2,5,2,5,2,4,,,,,,,
17,S,Pass,0,Describe,No,No,NA,0,14,0,6,0,6,0,6,0,6,,,,,,,
17,W,Pass,0,Describe,Si,No,NA,9,25,5,9,0,3,0,3,4,9,,,,,,,
17,N,Pass,0,Describe,No,No,NA,0,11,0,6,0,6,0,6,0,6,,,,,,,
18,E,Pass,0,Describe,No,No,NA,0,11,0,6,0,6,0,6,0,6,,,,,,,
18,S,Pass,0,Describe,No,No,NA,0,11,0,6,0,6,0,6,0,6,,,,,,,
18,W,1Tre,110,Describe,No,Si,NA,11,21,0,4,0,4,0,3,2,9,,,,,,,
18,N,1Dia,130,Describe,No,No,NA,8,17,0,4,0,4,5,9,0,5,,,,,,,
18,E,1NT,190,Describe,No,No,NA,7,10,2,3,2,3,3,5,2,5,,,,,,,
18,S,Pass,0,Describe,No,No,NA,0,11,0,6,0,6,0,3,0,6,,,,,,,
18,W,2Cor,250,Describe,Si,No,Reverse,15,21,0,3,4,5,0,3,5,7,,,,,,,
18,N,Pass,0,Describe,No,No,NA,8,17,0,4,0,4,5,9,0,5,,,,,,,
18,E,2NT,290,Describe,No,No,NA,7,10,2,3,2,3,3,5,2,5,,,,,,,
18,S,Pass,0,Describe,No,No,NA,0,11,0,6,0,6,0,3,0,6,,,,,,,
18,W,3Cor,350,Describe,No,No,NA,15,18,0,3,5,5,0,3,6,7,,,,,,,
18,N,Pass,0,Describe,No,No,NA,8,17,0,4,0,4,5,9,0,5,,,,,,,
18,E,4Cor,450,Describe,No,No,NA,7,10,2,3,3,3,3,5,2,5,,,,,,,
18,S,Pass,0,Describe,No,No,NA,0,11,0,6,0,6,0,3,0,6,,,,,,,
18,W,Pass,0,Describe,No,No,NA,15,18,0,3,5,5,0,3,6,7,,,,,,,
18,N,Pass,0,Describe,No,No,NA,8,17,0,4,0,4,5,9,0,5,,,,,,,
19,S,Pass,0,Describe,No,No,NA,0,11,0,6,0,6,0,6,0,6,,,,,,,
19,W,1Pic,170,Describe,No,No,NA,11,21,5,9,0,9,0,9,0,9,,,,,,,
19,N,2Pic,270,Describe,Si,Si,Michaels,8,18,0,3,4,5,0,6,0,6,,,,,,,
19,E,3Cor,350,Describe,Si,Si,NA,9,15,3,9,0,4,0,5,0,5,,,,,,,
19,S,4Tre,410,Describe,No,No,NA,0,10,0,3,0,2,4,6,4,6,,,,,,,
19,W,4Pic,470,Describe,No,No,NA,11,21,5,9,0,9,0,9,0,9,,,,,,,
19,N,5Dia,530,Describe,No,No,NA,12,18,0,3,4,5,5,6,0,4,,,,,,,
19,E,Pass,0,Describe,Si,Si,NA,9,15,3,9,0,4,0,5,0,5,,,,,,,
19,S,Pass,0,Describe,No,No,NA,0,10,0,3,0,2,4,6,4,6,,,,,,,
19,W,Pass,0,Describe,No,No,NA,11,21,5,9,0,9,0,9,0,9,,,,,,,
20,W,Pass,0,Describe,No,No,NA,0,11,0,6,0,6,0,6,0,6,,,,,,,
20,N,1NT,190,Describe,No,No,NA,14,17,0,5,0,5,0,5,0,5,,,,,,,
20,E,2Dia,230,Describe,Si,Si,Multy Landy,10,18,0,7,0,7,0,4,0,4,,,,,,,
20,S,Pass,0,Describe,No,No,NA,0,8,0,4,0,4,0,5,0,5,,,,,,,
20,W,2Cor,250,Pregunta,No,Si,NA,0,11,0,6,0,6,0,6,0,6,,,,,,,
20,N,Pass,0,Describe,No,No,NA,14,17,0,5,0,5,0,5,0,5,,,,,,,
20,E,2Pic,270,Describe,No,No,NA,10,18,5,7,0,4,0,4,0,4,,,,,,,
20,S,Pass,0,Describe,No,No,NA,0,8,0,4,0,4,0,5,0,5,,,,,,,
20,W,Pass,0,Pregunta,No,Si,NA,0,11,0,3,0,6,0,6,0,6,,,,,,,
20,N,Pass,0,Describe,No,No,NA,14,17,0,5,0,5,0,5,0,5,,,,,,,
21,N,1NT,190,Describe,No,No,NA,14,17,2,5,2,5,2,5,2,5,,,,,,,
21,E,Pass,0,Describe,No,No,NA,0,14,0,6,0,6,0,6,0,6,,,,,,,
21,S,2Pic,270,Pregunta,Si,Si,NA,8,14,2,4,2,4,2,6,2,9,,,,,,,
21,W,X,271,Describe,No,Si,NA,8,15,5,9,0,4,0,5,0,5,,,,,,,
21,N,Pass,0,Describe,No,No,NA,14,17,2,5,2,5,2,5,2,5,,,,,,,
21,E,Pass,0,Describe,No,No,NA,0,11,0,3,0,6,0,6,0,6,,,,,,,
21,S,5Tre,510,Describe,No,No,NA,10,14,2,4,2,4,2,6,6,9,,,,,,,
21,W,Pass,0,Describe,No,Si,NA,8,15,5,9,0,4,0,5,0,5,,,,,,,
21,N,Pass,0,Describe,No,No,NA,14,17,2,5,2,5,2,5,2,5,,,,,,,
21,E,Pass,0,Describe,No,No,NA,0,11,0,3,0,6,0,6,0,6,,,,,,,
22,E,1Dia,130,Describe,No,No,NA,11,21,0,4,0,4,4,9,0,6,,,,,,,
22,S,Pass,0,Describe,No,No,NA,0,14,0,6,0,6,0,6,0,6,,,,,,,
22,W,2Tre,210,Describe,Si,No,NA,10,29,0,4,0,4,0,4,5,9,,,,,,,
22,N,Pass,0,Describe,No,No,NA,0,14,0,6,0,6,0,6,0,6,,,,,,,
22,E,2Pic,270,Describe,Si,No,NA,11,21,4,4,0,4,4,9,0,3,,,,,,,
22,S,Pass,0,Describe,No,No,NA,0,14,0,6,0,6,0,6,0,6,,,,,,,
22,W,4Tre,410,Describe,Si,No,NA,14,29,0,4,0,4,0,4,7,9,,,,,,,
22,N,Pass,0,Describe,No,No,NA,0,14,0,6,0,6,0,6,0,6,,,,,,,
22,E,4Cor,450,Describe,Si,Si,NA,11,21,4,4,0,4,4,9,1,3,,,,,1,,
22,S,Pass,0,Describe,No,No,NA,0,14,0,6,0,6,0,6,0,6,,,,,,,
22,W,4NT,490,Pregunta,Si,No,RKCB (14/30),16,29,0,4,0,4,0,4,7,9,,,,,,,
22,N,Pass,0,Describe,No,No,NA,0,14,0,6,0,6,0,6,0,6,,,,,,,
22,E,5Cor,550,Describe,Si,Si,NA,11,21,4,4,0,4,4,9,1,3,2,,0,,1,,
22,S,Pass,0,Describe,No,No,NA,0,14,0,6,0,6,0,6,0,6,,,,,,,
22,W,6Tre,610,Describe,No,No,NA,16,29,0,4,0,4,0,4,7,9,,,,,,,
22,N,Pass,0,Describe,No,No,NA,0,14,0,6,0,6,0,6,0,6,,,,,,,
22,E,Pass,0,Describe,Si,Si,NA,11,21,4,4,0,4,4,9,1,3,2,,0,,1,,
22,S,Pass,0,Describe,No,No,NA,0,14,0,6,0,6,0,6,0,6,,,,,,,
23,S,Pass,0,Describe,No,No,NA,0,11,0,6,0,6,0,6,0,6,,,,,,,
23,W,1Tre,110,Describe,No,No,NA,11,21,0,4,0,4,0,3,2,9,,,,,,,
23,N,X,111,Describe,No,No,T/O Double,10,29,3,9,3,9,2,9,0,3,,,,,,,
23,E,1Pic,170,Describe,Si,No,NA,5,9,4,9,0,3,0,5,0,5,,,,,,,
23,S,Pass,0,Describe,No,No,NA,0,7,0,4,0,5,0,6,0,6,,,,,,,
23,W,1NT,190,Describe,No,No,NA,11,14,2,4,2,4,2,3,2,5,,,,,,,
23,N,Pass,0,Describe,No,No,NA,10,15,3,5,3,5,2,5,0,3,,,,,,,
23,E,Pass,0,Describe,Si,No,NA,5,9,4,9,0,3,0,5,0,5,,,,,,,
23,S,2Cor,250,Describe,No,No,NA,5,7,0,4,4,5,0,6,0,6,,,,,,,
23,W,Pass,0,Describe,No,No,NA,11,14,2,4,2,4,2,3,2,5,,,,,,,
23,N,Pass,0,Describe,No,No,NA,10,15,3,5,3,5,2,5,0,3,,,,,,,
23,E,Pass,0,Describe,Si,No,NA,5,9,4,9,0,3,0,5,0,5,,,,,,,
24,W,1NT,190,Describe,No,No,NA,14,17,2,5,2,5,2,5,2,5,,,,,,,
24,N,Pass,0,Describe,No,No,NA,0,14,0,6,0,6,0,6,0,6,,,,,,,
24,E,2Tre,210,Pregunta,Si,No,Stayman,0,25,0,5,0,5,0,6,0,6,,,,,,,
24,S,Pass,0,Describe,No,No,NA,0,14,0,6,0,6,0,6,0,6,,,,,,,
24,W,2Pic,270,Describe,No,No,NA,14,17,4,5,2,3,2,5,2,5,,,,,,,
24,N,Pass,0,Describe,No,No,NA,0,14,0,6,0,6,0,6,0,6,,,,,,,
24,E,4Pic,470,Describe,No,No,NA,9,15,4,5,0,4,0,5,0,5,,,,,,,
24,S,Pass,0,Describe,No,No,NA,0,14,0,6,0,6,0,6,0,6,,,,,,,
24,W,Pass,0,Describe,No,No,NA,14,17,4,5,2,3,2,5,2,5,,,,,,,
24,N,Pass,0,Describe,No,No,NA,0,14,0,6,0,6,0,6,0,6,,,,,,,
25,N,Pass,0,Describe,No,No,NA,0,11,0,6,0,6,0,6,0,6,,,,,,,
25,E,1Tre,110,Describe,No,No,NA,11,21,0,4,0,4,0,3,2,9,,,,,,,
25,S,X,111,Describe,No,No,T/O Double,10,29,3,9,3,9,2,9,0,3,,,,,,,
25,W,3Tre,310,Describe,No,Si,Barrage,0,7,0,4,0,4,0,5,5,6,,,,,,,
25,N,Pass,0,Describe,No,No,NA,0,10,0,6,0,6,0,6,0,6,,,,,,,
25,E,Pass,0,Describe,No,No,NA,11,21,0,4,0,4,0,3,2,9,,,,,,,
25,S,3NT,390,Describe,No,No,NA,18,25,3,4,3,4,2,5,2,3,,,,,,,
25,W,Pass,0,Describe,No,Si,Barrage,0,7,0,4,0,4,0,5,5,6,,,,,,,
25,N,Pass,0,Describe,No,No,NA,0,10,0,6,0,6,0,6,0,6,,,,,,,
25,E,Pass,0,Describe,No,No,NA,11,21,0,4,0,4,0,3,2,9,,,,,,,
26,E,Pass,0,Describe,No,No,NA,0,11,0,6,0,6,0,6,0,6,,,,,,,
26,S,1Tre,110,Describe,No,No,NA,11,21,0,4,0,4,0,3,2,9,,,,,,,
26,W,X,111,Describe,No,No,T/O Double,12,29,3,5,3,5,3,5,0,3,,,,,,,
26,N,1Dia,130,Describe,Si,No,NA,5,12,0,4,0,3,4,9,0,4,,,,,,,
26,E,Pass,0,Describe,No,No,NA,0,11,0,4,0,4,0,6,0,6,,,,,,,
26,S,1Cor,150,Describe,No,No,NA,11,14,0,4,4,4,0,3,2,5,,,,,,,
26,W,Pass,0,Describe,No,No,NA,12,15,3,5,3,5,3,5,0,3,,,,,,,
26,N,1NT,190,Describe,No,No,NA,5,10,2,4,1,3,4,5,2,4,,,,,,,
26,E,Pass,0,Describe,No,No,NA,0,11,0,4,0,4,0,6,0,6,,,,,,,
26,S,Pass,0,Describe,No,No,NA,11,14,0,4,4,4,0,3,2,5,,,,,,,
26,W,Pass,0,Describe,No,No,NA,12,15,3,5,3,5,3,5,0,3,,,,,,,
27,S,Pass,0,Describe,No,No,NA,0,11,0,6,0,6,0,6,0,6,,,,,,,
27,W,1Cor,150,Describe,No,No,NA,11,21,0,4,5,9,0,6,0,6,,,,,,,
27,N,Pass,0,Describe,No,No,NA,0,14,0,6,0,6,0,6,0,6,,,,,,,
27,E,2Tre,210,Describe,Si,No,NA,12,29,0,4,0,4,0,4,1,5,,,,,,,
27,S,Pass,0,Describe,No,No,NA,0,11,0,6,0,6,0,6,0,6,,,,,,,
27,W,2Pic,270,Describe,Si,No,NA,15,21,4,5,5,6,0,4,0,4,,,,,,,
27,N,Pass,0,Describe,No,No,NA,0,14,0,6,0,6,0,6,0,6,,,,,,,
27,E,3Cor,350,Describe,Si,No,NA,12,29,0,4,3,4,0,4,1,5,,,,,,,
27,S,Pass,0,Describe,No,No,NA,0,11,0,6,0,6,0,6,0,6,,,,,,,
27,W,4Tre,410,Describe,Si,Si,NA,15,21,4,5,5,6,0,4,0,4,,,,,,,1
27,N,Pass,0,Describe,No,No,NA,0,14,0,6,0,6,0,6,0,6,,,,,,,
27,E,4Dia,430,Describe,Si,Si,NA,12,29,0,4,3,4,0,4,1,5,,,,,,,1
27,S,Pass,0,Describe,No,No,NA,0,11,0,6,0,6,0,6,0,6,,,,,,,
27,W,4NT,490,Pregunta,Si,No,NA,15,21,4,5,5,6,0,4,0,4,,,,,,,1
27,N,Pass,0,Describe,No,No,NA,0,14,0,6,0,6,0,6,0,6,,,,,,,
27,E,5Pic,570,Describe,Si,Si,NA,12,29,0,4,3,4,0,4,1,5,2,,1,,,,1
27,S,Pass,0,Describe,No,No,NA,0,11,0,6,0,6,0,6,0,6,,,,,,,
27,W,6Cor,650,Describe,No,No,NA,15,21,4,5,5,6,0,4,0,4,,,,,,,1
27,N,Pass,0,Describe,No,No,NA,0,14,0,6,0,6,0,6,0,6,,,,,,,
27,E,Pass,0,Describe,Si,Si,NA,12,29,0,4,3,4,0,4,1,5,2,,1,,,,1
27,S,Pass,0,Describe,No,No,NA,0,11,0,6,0,6,0,6,0,6,,,,,,,
28,W,1Pic,170,Describe,No,No,NA,11,21,5,9,0,6,0,6,0,6,,,,,,,
28,N,Pass,0,Describe,No,No,NA,0,14,0,6,0,6,0,6,0,6,,,,,,,
28,E,3NT,390,Describe,No,No,NA,12,15,3,3,2,4,2,4,2,4,,,,,,,
28,S,Pass,0,Describe,No,No,NA,0,14,0,6,0,6,0,6,0,6,,,,,,,
28,W,4Pic,470,Describe,No,No,NA,11,21,5,9,0,6,0,6,0,6,,,,,,,
28,N,Pass,0,Describe,No,No,NA,0,14,0,6,0,6,0,6,0,6,,,,,,,
28,E,Pass,0,Describe,No,No,NA,12,15,3,3,2,4,2,4,2,4,,,,,,,
28,S,Pass,0,Describe,No,No,NA,0,14,0,6,0,6,0,6,0,6,,,,,,,
29,N,Pass,0,Describe,No,No,NA,0,11,0,6,0,6,0,6,0,6,,,,,,,
29,E,1Tre,110,Describe,No,No,NA,11,21,0,4,0,4,0,3,2,9,,,,,,,
29,S,Pass,0,Describe,No,No,NA,0,14,0,6,0,6,0,6,0,6,,,,,,,
29,W,1Pic,170,Describe,No,No,NA,5,29,4,9,0,6,0,6,0,6,,,,,,,
29,N,Pass,0,Describe,No,No,NA,0,11,0,6,0,6,0,6,0,6,,,,,,,
29,E,2Tre,210,Describe,No,No,NA,11,16,0,3,0,4,0,3,5,9,,,,,,,
29,S,Pass,0,Describe,No,No,NA,0,14,0,6,0,6,0,6,0,6,,,,,,,
29,W,2Dia,230,Describe,Si,Si,New Minor Forcing,12,29,4,9,0,6,0,6,0,6,,,,,,,
29,N,Pass,0,Describe,No,No,NA,0,11,0,6,0,6,0,6,0,6,,,,,,,
29,E,2Cor,250,Describe,Si,No,NA,11,16,0,2,4,4,0,3,5,9,,,,,,,
29,S,Pass,0,Describe,No,No,NA,0,14,0,6,0,6,0,6,0,6,,,,,,,
29,W,3NT,390,Describe,No,No,NA,12,15,4,5,2,3,2,3,2,4,,,,,,,
29,N,Pass,0,Describe,No,No,NA,0,11,0,6,0,6,0,6,0,6,,,,,,,
29,E,Pass,0,Describe,Si,No,NA,11,16,0,2,4,4,0,3,5,9,,,,,,,
29,S,Pass,0,Describe,No,No,NA,0,14,0,6,0,6,0,6,0,6,,,,,,,
30,E,1NT,190,Describe,No,No,NA,14,17,2,5,2,5,2,5,2,5,,,,,,,
30,S,Pass,0,Describe,No,No,NA,0,14,0,6,0,6,0,6,0,6,,,,,,,
30,W,2Pic,270,Pregunta,Si,Si,NA,8,15,0,4,0,4,0,6,0,6,,,,,,,
30,N,Pass,0,Describe,No,No,NA,0,14,0,6,0,6,0,6,0,6,,,,,,,
30,E,2NT,290,Describe,No,No,NA,14,15,2,5,2,5,2,5,2,5,,,,,,,
30,S,Pass,0,Describe,No,No,NA,0,14,0,6,0,6,0,6,0,6,,,,,,,
30,W,3Cor,350,Describe,Si,Si,NA,9,15,2,4,0,1,0,6,0,6,,,,,,,
30,N,Pass,0,Describe,No,No,NA,0,14,0,6,0,6,0,6,0,6,,,,,,,
30,E,3NT,390,Describe,No,No,NA,14,15,2,5,2,5,2,5,2,5,,,,,,,
30,S,Pass,0,Describe,No,No,NA,0,14,0,6,0,6,0,6,0,6,,,,,,,
30,W,Pass,0,Describe,No,No,NA,9,15,2,4,0,1,0,6,0,6,,,,,,,
30,N,Pass,0,Describe,No,No,NA,0,14,0,6,0,6,0,6,0,6,,,,,,,
31,S,1Dia,130,Describe,No,No,NA,11,21,0,4,0,4,4,9,0,6,,,,,,,
31,W,2Pic,270,Describe,No,No,NA,4,8,5,6,0,3,0,4,0,4,,,,,,,
31,N,3NT,390,Describe,No,No,NA,12,15,2,4,2,4,1,4,2,5,,,,1,,,
31,E,Pass,0,Describe,No,No,NA,0,14,0,6,0,6,0,6,0,6,,,,,,,
31,S,Pass,0,Describe,No,No,NA,11,14,0,4,0,4,4,5,0,6,,,,,,,
31,W,Pass,0,Describe,No,No,NA,4,8,5,6,0,3,0,4,0,4,,,,,,,
32,W,1Dia,130,Describe,No,No,NA,11,21,0,4,0,4,4,9,0,6,,,,,,,
32,N,1Cor,150,Describe,No,No,NA,8,16,0,4,5,7,0,4,0,4,,,,,,,
32,E,2Dia,230,Describe,No,No,NA,5,9,0,3,0,4,4,5,0,5,,,,,,,
32,S,Pass,0,Describe,No,No,NA,0,10,0,5,0,3,0,5,0,5,,,,,,,
32,W,Pass,0,Describe,No,No,NA,11,14,0,4,0,4,4,5,0,6,,,,,,,
32,N,Pass,0,Describe,No,No,NA,8,16,0,4,5,7,0,4,0,4,,,,,,,
33,N,Pass,0,Describe,No,No,NA,0,11,0,6,0,6,0,6,0,6,,,,,,,
33,E,Pass,0,Describe,No,No,NA,0,11,0,6,0,6,0,6,0,6,,,,,,,
33,S,2Tre,210,Describe,Si,No,NA,19,29,0,9,0,9,0,9,0,9,,,,,,,
33,W,Pass,0,Describe,No,No,NA,0,18,0,6,0,6,0,6,0,6,,,,,,,
33,N,2Pic,270,Describe,Si,No,NA,6,11,5,9,0,4,0,4,0,4,,,,,,,
33,E,Pass,0,Describe,No,No,NA,0,11,0,6,0,6,0,6,0,6,,,,,,,
33,S,3Tre,310,Describe,Si,No,NA,19,29,0,2,0,4,0,4,5,9,,,,,,,
33,W,Pass,0,Describe,No,No,NA,0,14,0,6,0,6,0,6,0,6,,,,,,,
33,N,4Tre,410,Describe,Si,No,NA,6,11,5,6,0,4,0,4,3,4,,,,,,,
33,E,Pass,0,Describe,No,No,NA,0,11,0,6,0,6,0,6,0,6,,,,,,,
33,S,4Dia,430,Describe,Si,Si,NA,19,29,0,2,0,4,0,4,5,9,,,,,,1,
33,W,Pass,0,Describe,No,No,NA,0,14,0,6,0,6,0,6,0,6,,,,,,,
33,N,4Pic,470,Describe,Si,No,NA,6,11,5,6,0,4,0,4,3,4,,,,1,,,
33,E,Pass,0,Describe,No,No,NA,0,11,0,6,0,6,0,6,0,6,,,,,,,
33,S,4NT,490,Pregunta,Si,No,NA,19,29,0,2,0,4,0,4,5,9,,,,,,1,
33,W,Pass,0,Describe,No,No,NA,0,14,0,6,0,6,0,6,0,6,,,,,,,
33,N,5Tre,510,Describe,Si,No,NA,6,11,5,6,0,4,0,4,3,4,1,,,1,,,
33,E,Pass,0,Describe,No,No,NA,0,11,0,6,0,6,0,6,0,6,,,,,,,
33,S,5NT,590,Pregunta,Si,Si,NA,19,29,0,2,0,4,0,4,5,9,,,,,,1,
33,W,Pass,0,Describe,No,No,NA,0,14,0,6,0,6,0,6,0,6,,,,,,,
33,N,6Pic,670,Describe,Si,Si,NA,6,11,5,6,0,4,0,4,3,4,1,,,2,,,
33,E,Pass,0,Describe,No,No,NA,0,11,0,6,0,6,0,6,0,6,,,,,,,
33,S,7Tre,710,Describe,No,No,NA,19,29,0,2,0,4,0,4,5,9,,,,,,1,
33,W,Pass,0,Describe,No,No,NA,0,14,0,6,0,6,0,6,0,6,,,,,,,
33,N,Pass,0,Describe,Si,Si,NA,6,11,5,6,0,4,0,4,3,4,1,,,2,,,
33,E,Pass,0,Describe,No,No,NA,0,11,0,6,0,6,0,6,0,6,,,,,,,
34,E,1Pic,170,Describe,No,No,NA,11,21,5,9,0,6,0,6,0,6,,,,,,,
34,S,Pass,0,Describe,No,No,NA,0,14,0,6,0,6,0,6,0,6,,,,,,,
34,W,2NT,290,Describe,Si,Si,Jacoby 2NT,12,29,4,4,0,5,0,5,0,5,,,,,,,
34,N,3Dia,330,Describe,No,No,NA,10,15,0,3,0,4,5,7,0,5,,,,,,,
34,E,4Pic,470,Describe,No,No,NA,11,13,5,6,0,6,0,6,0,6,,,,,,,
34,S,Pass,0,Describe,No,No,NA,0,14,0,6,0,6,0,6,0,6,,,,,,,
34,W,Pass,0,Describe,Si,Si,Jacoby 2NT,12,16,4,4,0,5,0,5,0,5,,,,,,,
34,N,Pass,0,Describe,No,No,NA,10,15,0,3,0,4,5,7,0,5,,,,,,,
35,S,Pass,0,Describe,No,No,NA,0,11,0,6,0,6,0,6,0,6,,,,,,,
35,W,1Cor,150,Describe,No,No,NA,11,21,0,4,5,9,0,6,0,6,,,,,,,
35,N,2Dia,230,Describe,No,No,NA,10,17,0,4,0,4,5,9,0,4,,,,,,,
35,E,Pass,0,Describe,No,No,NA,0,11,0,6,0,6,0,6,0,6,,,,,,,
35,S,2Pic,270,Describe,No,No,NA,7,11,5,7,0,4,0,4,0,5,,,,,,,
35,W,Pass,0,Describe,No,No,NA,11,21,0,4,5,9,0,6,0,6,,,,,,,
35,N,Pass,0,Describe,No,No,NA,10,17,1,3,0,4,5,9,0,4,,,,,,,
35,E,Pass,0,Describe,No,No,NA,0,11,0,6,0,6,0,6,0,6,,,,,,,
36,W,Pass,0,Describe,No,No,NA,0,11,0,6,0,6,0,6,0,6,,,,,,,
36,N,1Dia,130,Describe,No,No,NA,11,21,0,4,0,4,4,9,0,6,,,,,,,
36,E,2Tre,210,Describe,No,No,NA,10,17,0,4,0,4,0,4,5,9,,,,,,,
36,S,X,211,Describe,No,No,NA,6,29,0,4,4,7,0,6,0,3,,,,,,,
36,W,2Cor,250,Describe,Si,Si,NA,6,9,0,4,0,4,0,4,4,5,,,,,,,
36,N,Pass,0,Describe,No,No,NA,11,14,0,4,0,4,4,9,0,6,,,,,,,
36,E,3Tre,310,Describe,No,No,NA,10,15,0,4,0,4,0,4,5,9,,,,,,,
36,S,Pass,0,Describe,No,No,NA,6,29,0,4,4,7,0,6,0,3,,,,,,,
36,W,Pass,0,Describe,No,No,NA,6,9,0,4,0,4,0,4,4,5,,,,,,,
36,N,3Dia,330,Describe,No,No,NA,11,14,0,4,0,4,5,6,0,6,,,,,,,
36,E,Pass,0,Describe,No,No,NA,10,15,0,4,0,4,0,4,5,9,,,,,,,
36,S,Pass,0,Describe,No,No,NA,6,29,0,4,4,7,0,6,0,3,,,,,,,
36,W,Pass,0,Describe,No,No,NA,6,9,0,4,0,4,0,4,4,5,,,,,,,
37,N,1Cor,150,Describe,No,No,NA,11,21,0,4,5,9,0,6,0,6,,,,,,,
37,E,Pass,0,Describe,No,No,NA,0,14,0,6,0,6,0,6,0,6,,,,,,,
37,S,1Pic,170,Describe,Si,No,NA,5,29,4,9,0,3,0,6,0,6,,,,,,,
37,W,X,171,Describe,Si,No,T/O Double,10,25,0,4,0,4,4,6,4,6,,,,,,,
37,N,XX,172,Describe,Si,Si,Support,11,21,3,3,5,9,0,6,0,6,,,,,,,
37,E,2Dia,230,Describe,No,No,NA,0,9,0,4,0,4,3,5,0,3,,,,,,,
37,S,3Pic,370,Describe,No,No,NA,10,11,5,6,0,3,0,4,0,4,,,,,,,
37,W,4Dia,430,Describe,No,No,NA,12,15,0,4,0,4,5,6,4,6,,,,,,,
37,N,Pass,0,Describe,No,No,NA,11,14,3,3,5,9,0,6,0,6,,,,,,,
37,E,Pass,0,Describe,No,No,NA,0,9,0,4,0,4,3,5,0,3,,,,,,,
37,S,Pass,0,Describe,No,No,NA,10,11,5,6,0,3,0,4,0,4,,,,,,,
38,E,1Tre,110,Describe,No,No,NA,11,21,0,4,0,4,0,5,2,9,,,,,,,
38,S,Pass,0,Describe,No,No,NA,0,14,0,6,0,6,0,6,0,6,,,,,,,
38,W,2Tre,210,Describe,Si,Si,NA,10,29,0,4,0,4,0,4,4,7,,,,,,,
38,N,Pass,0,Describe,No,No,NA,0,14,0,6,0,6,0,6,0,6,,,,,,,
38,E,2Cor,250,Describe,Si,No,NA,11,21,0,4,4,4,0,5,2,9,,,,,,,
38,S,Pass,0,Describe,No,No,NA,0,14,0,6,0,6,0,6,0,6,,,,,,,
38,W,3Dia,330,Describe,Si,No,NA,12,29,0,3,0,3,4,4,4,7,,,,,,,
38,N,Pass,0,Describe,No,No,NA,0,14,0,6,0,6,0,6,0,6,,,,,,,
38,E,3NT,390,Describe,No,No,NA,11,14,2,4,4,4,2,4,2,5,,,,,,,
38,S,Pass,0,Describe,No,No,NA,0,14,0,6,0,6,0,6,0,6,,,,,,,
38,W,Pass,0,Describe,Si,No,NA,12,16,0,3,0,3,4,4,4,7,,,,,,,
38,N,Pass,0,Describe,No,No,NA,0,14,0,6,0,6,0,6,0,6,,,,,,,
39,S,Pass,0,Describe,No,No,NA,0,11,0,6,0,6,0,6,0,6,,,,,,,
39,W,Pass,0,Describe,No,No,NA,0,11,0,6,0,6,0,6,0,6,,,,,,,
39,N,Pass,0,Describe,No,No,NA,0,11,0,6,0,6,0,6,0,6,,,,,,,
39,E,1Dia,130,Describe,No,No,NA,11,21,0,4,0,4,4,9,0,6,,,,,,,
39,S,1Pic,170,Describe,No,No,NA,8,11,5,5,0,4,0,4,0,5,,,,,,,
39,W,X,171,Describe,No,No,Doblo negativo,6,11,0,4,4,5,0,4,0,5,,,,,,,
39,N,Pass,0,Describe,No,No,NA,0,11,0,3,0,6,0,6,0,6,,,,,,,
39,E,3Cor,350,Describe,No,No,NA,16,18,0,4,4,4,4,9,0,6,,,,,,,
39,S,Pass,0,Describe,No,No,NA,8,11,5,5,0,4,0,4,0,5,,,,,,,
39,W,4Cor,450,Describe,No,No,NA,8,11,0,4,4,5,0,4,0,5,,,,,,,
39,N,Pass,0,Describe,No,No,NA,0,11,0,3,0,6,0,6,0,6,,,,,,,
39,E,Pass,0,Describe,No,No,NA,16,18,0,4,4,4,4,9,0,6,,,,,,,
39,S,Pass,0,Describe,No,No,NA,8,11,5,5,0,4,0,4,0,5,,,,,,,
40,W,Pass,0,Describe,No,No,NA,0,11,0,6,0,6,0,6,0,6,,,,,,,
40,N,1Dia,130,Describe,No,No,NA,11,21,0,4,0,4,4,9,0,6,,,,,,,
40,E,Pass,0,Describe,No,No,NA,0,14,0,6,0,6,0,6,0,6,,,,,,,
40,S,1Cor,150,Describe,Si,No,NA,5,29,0,4,4,9,0,6,0,6,,,,,,,
40,W,Pass,0,Describe,No,No,NA,0,11,0,6,0,6,0,6,0,6,,,,,,,
40,N,1NT,190,Describe,No,No,NA,11,14,2,4,1,4,4,5,2,6,,,,,,,
40,E,Pass,0,Describe,No,No,NA,0,14,0,6,0,6,0,6,0,6,,,,,,,
40,S,3NT,390,Describe,No,No,NA,12,17,2,4,4,4,2,5,2,5,,,,,,,
40,W,Pass,0,Describe,No,No,NA,0,11,0,6,0,6,0,6,0,6,,,,,,,
40,N,Pass,0,Describe,No,No,NA,11,14,2,4,1,4,4,5,2,6,,,,,,,
40,E,Pass,0,Describe,No,No,NA,0,14,0,6,0,6,0,6,0,6,,,,,,,
41,N,Pass,0,Describe,No,No,NA,0,11,0,6,0,6,0,6,0,6,,,,,,,
41,E,Pass,0,Describe,No,No,NA,0,11,0,6,0,6,0,6,0,6,,,,,,,
41,S,1Dia,130,Describe,No,No,NA,11,21,0,4,0,4,4,9,0,6,,,,,,,
41,W,Pass,0,Describe,No,No,NA,0,14,0,6,0,6,0,6,0,6,,,,,,,
41,N,1NT,190,Describe,No,No,NA,5,9,2,3,2,3,2,5,2,5,,,,,,,
41,E,Pass,0,Describe,No,No,NA,0,11,0,6,0,6,0,6,0,6,,,,,,,
41,S,2NT,290,Describe,No,No,NA,17,19,2,4,2,4,4,5,2,4,,,,,,,
41,W,Pass,0,Describe,No,No,NA,0,14,0,6,0,6,0,6,0,6,,,,,,,
41,N,Pass,0,Describe,No,No,NA,5,6,2,3,2,3,2,5,2,5,,,,,,,
41,E,Pass,0,Describe,No,No,NA,0,11,0,6,0,6,0,6,0,6,,,,,,,
42,E,1Tre,110,Describe,No,No,NA,11,21,0,4,0,4,0,3,2,9,,,,,,,
42,S,Pass,0,Describe,No,No,NA,0,14,0,6,0,6,0,6,0,6,,,,,,,
42,W,Pass,0,Describe,No,No,NA,0,5,0,5,0,5,0,5,0,4,,,,,,,
42,N,1Dia,130,Describe,No,No,NA,8,15,0,4,0,4,5,9,0,5,,,,,,,
42,E,Pass,0,Describe,No,No,NA,11,21,0,4,0,4,0,3,2,9,,,,,,,
42,S,2Tre,210,Describe,Si,Si,NA,10,14,0,4,0,4,3,5,0,5,,,,,,,
42,W,Pass,0,Describe,No,No,NA,0,5,0,5,0,5,0,5,0,4,,,,,,,
42,N,3NT,390,Describe,No,No,NA,14,15,2,4,2,4,5,9,2,5,,,,,,,
42,E,Pass,0,Describe,No,No,NA,11,21,0,4,0,4,0,3,2,9,,,,,,,
42,S,Pass,0,Describe,No,No,NA,10,14,0,4,0,4,3,5,0,5,,,,,,,
42,W,Pass,0,Describe,No,No,NA,0,5,0,5,0,5,0,5,0,4,,,,,,,
43,S,1Tre,110,Describe,No,No,NA,11,21,0,4,0,4,0,3,2,9,,,,,,,
43,W,Pass,0,Describe,No,No,NA,0,14,0,6,0,6,0,6,0,6,,,,,,,
43,N,1Pic,170,Describe,Si,No,NA,5,29,4,9,0,5,0,5,0,5,,,,,,,
43,E,Pass,0,Describe,No,No,NA,0,14,0,6,0,6,0,6,0,6,,,,,,,
43,S,2Tre,210,Describe,No,No,NA,11,21,0,3,0,4,0,3,5,9,,,,,,,
43,W,Pass,0,Describe,No,No,NA,0,14,0,6,0,6,0,6,0,6,,,,,,,
43,N,Pass,0,Describe,No,No,NA,5,29,4,9,0,5,0,5,0,5,,,,,,,
43,E,2Cor,250,Describe,No,No,NA,8,12,0,5,5,6,0,4,0,5,,,,,,,
43,S,Pass,0,Describe,No,No,NA,11,21,0,3,0,4,0,3,5,9,,,,,,,
43,W,3Tre,310,Describe,Si,Si,NA,10,13,0,4,3,4,0,4,0,5,,,,,,,
43,N,Pass,0,Describe,No,No,NA,5,29,4,9,0,5,0,5,0,5,,,,,,,
43,E,4Cor,450,Describe,No,No,NA,10,12,0,5,5,6,0,4,0,5,,,,,,,
43,S,Pass,0,Describe,No,No,NA,11,21,0,3,0,4,0,3,5,9,,,,,,,
43,W,Pass,0,Describe,No,No,NA,10,13,0,4,3,4,0,4,0,5,,,,,,,
43,N,Pass,0,Describe,No,No,NA,5,29,4,9,0,5,0,5,0,5,,,,,,,
44,W,1Pic,170,Describe,No,No,NA,11,21,5,9,0,6,0,6,0,6,,,,,,,
44,N,Pass,0,Describe,No,No,NA,0,14,0,6,0,6,0,6,0,6,,,,,,,
44,E,Pass,0,Describe,No,No,NA,0,5,0,3,0,5,0,6,0,6,,,,,,,
44,S,X,171,Describe,No,No,NA,10,29,0,3,3,6,3,6,3,6,,,,,,,
44,W,XX,172,Describe,No,No,NA,16,21,5,9,0,6,0,6,0,6,,,,,,,
44,N,2Tre,210,Describe,No,No,NA,0,11,0,5,0,3,0,4,3,6,,,,,,,
44,E,2Pic,270,Describe,No,No,NA,0,5,2,3,0,5,0,6,0,6,,,,,,,
44,S,Pass,0,Describe,No,No,NA,10,14,0,3,3,6,3,6,3,6,,,,,,,
44,W,Pass,0,Describe,No,No,NA,16,21,5,6,0,6,0,6,0,6,,,,,,,
44,N,Pass,0,Describe,No,No,NA,0,8,0,5,0,3,0,4,3,6,,,,,,,
45,N,Pass,0,Describe,No,No,NA,0,11,0,6,0,6,0,6,0,6,,,,,,,
45,E,1Tre,110,Describe,No,No,NA,11,21,0,4,0,4,0,3,2,9,,,,,,,
45,S,1Cor,150,Describe,No,No,NA,8,17,0,4,5,9,0,4,0,5,,,,,,,
45,W,Pass,0,Describe,No,No,NA,0,7,0,4,0,4,0,5,0,4,,,,,,,
45,N,2Cor,250,Describe,No,No,NA,5,9,0,4,3,4,0,5,0,5,,,,,,,
45,E,X,251,Describe,Si,No,NA,15,21,4,4,0,2,3,4,4,5,,,,,,,
45,S,Pass,0,Describe,No,No,NA,8,14,0,4,5,6,0,4,0,5,,,,,,,
45,W,2NT,290,Describe,No,No,NA,5,7,2,4,3,4,2,5,2,3,,,,,1,,
45,N,Pass,0,Describe,No,No,NA,5,9,0,4,3,4,0,5,0,5,,,,,,,
45,E,Pass,0,Describe,No,No,NA,15,21,4,4,0,2,3,4,4,5,,,,,,,
45,S,3Cor,350,Describe,No,No,NA,10,14,0,4,6,6,0,4,0,5,,,,,,,
45,W,Pass,0,Describe,No,No,NA,5,7,2,4,3,4,2,5,2,3,,,,,,,
45,N,Pass,0,Describe,No,No,NA,5,9,0,4,3,4,0,5,0,5,,,,,,,
45,E,Pass,0,Describe,No,No,NA,15,21,4,4,0,2,3,4,4,5,,,,,,,
46,E,Pass,0,Describe,No,No,NA,0,11,0,6,0,6,0,6,0,6,,,,,,,
46,S,Pass,0,Describe,No,No,NA,0,11,0,6,0,6,0,6,0,6,,,,,,,
46,W,1Tre,110,Describe,No,No,NA,11,21,0,4,0,4,0,3,2,9,,,,,,,
46,N,1Pic,170,Describe,No,No,NA,8,17,5,9,0,4,0,4,0,5,,,,,,,
46,E,Pass,0,Describe,No,No,NA,0,9,0,6,0,5,0,6,0,4,,,,,,,
46,S,Pass,0,Describe,No,No,NA,0,11,0,3,0,6,0,6,0,6,,,,,,,
46,W,2Tre,210,Describe,No,No,NA,11,16,0,4,0,4,0,3,5,9,,,,,,,
46,N,2Pic,270,Describe,No,No,NA,10,17,6,9,0,4,0,4,0,5,,,,,,,
46,E,Pass,0,Describe,No,No,NA,0,9,0,6,0,5,0,6,0,4,,,,,,,
46,S,Pass,0,Describe,No,No,NA,0,11,0,3,0,6,0,6,0,6,,,,,,,
46,W,Pass,0,Describe,No,No,NA,11,16,0,4,0,4,0,3,5,9,,,,,,,
47,S,1Cor,150,Describe,No,No,NA,11,21,0,4,5,9,0,6,0,6,,,,,,,
47,W,1NT,190,Describe,No,No,NA,15,18,2,4,2,5,2,5,2,5,,,,,,,
47,N,Pass,0,Describe,No,No,NA,0,7,0,5,0,3,0,5,0,5,,,,,,,
47,E,2Cor,250,Describe,Si,Si,Transfer,0,15,5,7,0,4,0,5,0,5,,,,,,,
47,S,Pass,0,Describe,No,No,NA,11,14,0,4,5,9,0,6,0,6,,,,,,,
47,W,2Pic,270,Describe,No,No,NA,15,18,2,4,2,5,2,5,2,5,,,,,,,
47,N,Pass,0,Describe,No,No,NA,0,7,0,5,0,3,0,5,0,5,,,,,,,
47,E,Pass,0,Describe,No,No,NA,0,7,5,5,0,4,0,5,0,5,,,,,,,
47,S,Pass,0,Describe,No,No,NA,11,14,0,4,5,9,0,6,0,6,,,,,,,
48,W,Pass,0,Describe,No,No,NA,0,11,0,6,0,6,0,6,0,6,,,,,,,
48,N,Pass,0,Describe,No,No,NA,0,11,0,6,0,6,0,6,0,6,,,,,,,
48,E,Pass,0,Describe,No,No,NA,0,11,0,6,0,6,0,6,0,6,,,,,,,
48,S,1Tre,110,Describe,No,No,NA,11,21,0,4,0,4,0,3,2,9,,,,,,,
48,W,Pass,0,Describe,No,No,NA,0,11,0,6,0,6,0,6,0,6,,,,,,,
48,N,1Cor,150,Describe,No,No,NA,0,11,0,6,4,6,0,6,0,6,,,,,,,
48,E,Pass,0,Describe,No,No,NA,0,11,0,6,0,6,0,6,0,6,,,,,,,
48,S,3Cor,350,Describe,No,No,NA,16,18,0,4,4,4,0,3,2,9,,,,,,,
48,W,Pass,0,Describe,No,No,NA,0,11,0,6,0,6,0,6,0,6,,,,,,,
48,N,Pass,0,Describe,No,No,NA,0,6,0,6,4,6,0,6,0,6,,,,,,,
48,E,Pass,0,Describe,No,No,NA,0,11,0,6,0,6,0,6,0,6,,,,,,,
49,N,Pass,0,Describe,No,No,NA,0,11,0,6,0,6,0,6,0,6,,,,,,,
49,E,Pass,0,Describe,No,No,NA,0,11,0,6,0,6,0,6,0,6,,,,,,,
49,S,1Dia,130,Describe,No,No,NA,11,21,0,4,0,4,4,9,0,6,,,,,,,
49,W,Pass,0,Describe,No,No,NA,0,14,0,6,0,6,0,6,0,6,,,,,,,
49,N,1Pic,170,Describe,No,No,NA,5,11,4,5,0,5,0,5,0,5,,,,,,,
49,E,Pass,0,Describe,No,No,NA,0,11,0,6,0,6,0,6,0,6,,,,,,,
49,S,3Tre,310,Describe,No,No,NA,18,21,0,3,0,3,4,6,4,6,,,,,,,
49,W,Pass,0,Describe,No,No,NA,0,14,0,6,0,6,0,6,0,6,,,,,,,
49,N,4Tre,410,Describe,No,No,NA,9,11,4,5,0,5,0,3,4,5,,,,,,,
49,E,Pass,0,Describe,No,No,NA,0,11,0,6,0,6,0,6,0,6,,,,,,,
49,S,5Tre,510,Describe,No,No,NA,18,21,0,3,0,3,4,6,4,6,,,,,,,
49,W,Pass,0,Describe,No,No,NA,0,14,0,6,0,6,0,6,0,6,,,,,,,
49,N,Pass,0,Describe,No,No,NA,9,11,4,5,0,5,0,3,4,5,,,,,,,
49,E,Pass,0,Describe,No,No,NA,0,11,0,6,0,6,0,6,0,6,,,,,,,
50,E,Pass,0,Describe,No,No,NA,0,11,0,6,0,6,0,6,0,6,,,,,,,
50,S,2NT,290,Describe,No,No,NA,19,21,2,5,2,5,2,5,2,5,,,,,,,
50,W,Pass,0,Describe,No,No,NA,0,11,0,6,0,6,0,6,0,6,,,,,,,
50,N,3Tre,310,Pregunta,Si,Si,Muppet,4,18,0,4,0,5,0,5,0,5,,,,,,,
50,E,Pass,0,Describe,No,No,NA,0,14,0,6,0,6,0,6,0,6,,,,,,,
50,S,3NT,390,Describe,No,Si,Muppet,19,21,2,3,5,5,2,3,2,3,,,,,,,
50,W,Pass,0,Describe,No,No,NA,0,14,0,6,0,6,0,6,0,6,,,,,,,
50,N,4Cor,450,Describe,No,No,NA,4,10,0,4,3,5,0,5,0,5,,,,,,,
50,E,Pass,0,Describe,No,No,NA,0,14,0,6,0,6,0,6,0,6,,,,,,,
50,S,Pass,0,Describe,No,No,NA,19,21,2,3,5,5,2,3,2,3,,,,,,,
50,W,Pass,0,Describe,No,No,NA,0,14,0,6,0,6,0,6,0,6,,,,,,,
51,S,1Dia,130,Describe,No,No,NA,11,21,0,4,0,4,4,9,0,6,,,,,,,
51,W,Pass,0,Describe,No,No,NA,0,14,0,6,0,6,0,6,0,6,,,,,,,
51,N,1Pic,170,Describe,Si,No,NA,5,29,4,9,0,5,0,6,0,6,,,,,,,
51,E,Pass,0,Describe,No,No,NA,0,14,0,6,0,6,0,6,0,6,,,,,,,
51,S,2Dia,230,Describe,No,No,NA,11,14,0,3,0,4,5,9,0,6,,,,,,,
51,W,Pass,0,Describe,No,No,NA,0,14,0,6,0,6,0,6,0,6,,,,,,,
51,N,3Tre,310,Describe,Si,No,NA,12,29,4,6,0,3,0,4,3,6,,,,,,,
51,E,Pass,0,Describe,No,No,NA,0,14,0,6,0,6,0,6,0,6,,,,,,,
51,S,3Pic,370,Describe,Si,No,NA,11,14,3,3,0,4,5,9,0,6,,,,,,,
51,W,Pass,0,Describe,No,No,NA,0,14,0,6,0,6,0,6,0,6,,,,,,,
51,N,4Pic,470,Describe,No,No,NA,12,29,5,6,0,3,0,4,3,6,,,,,,,
51,E,Pass,0,Describe,No,No,NA,0,14,0,6,0,6,0,6,0,6,,,,,,,
51,S,Pass,0,Describe,No,No,NA,11,14,3,3,0,4,5,9,0,6,,,,,,,
51,W,Pass,0,Describe,No,No,NA,0,14,0,6,0,6,0,6,0,6,,,,,,,
52,W,1Pic,170,Describe,No,No,NA,11,21,5,9,0,6,0,6,0,6,,,,,,,
52,N,Pass,0,Describe,No,No,NA,0,14,0,6,0,6,0,6,0,6,,,,,,,
52,E,3Dia,330,Describe,Si,Si,Bergen Inv,6,9,4,5,0,6,0,6,0,6,,,,,,,
52,S,Pass,0,Describe,No,No,NA,0,14,0,6,0,6,0,6,0,6,,,,,,,
52,W,3Cor,350,Pregunta,Si,Si,Game try,12,16,5,6,3,4,0,4,0,4,,,,,,,
52,N,Pass,0,Describe,No,No,NA,0,14,0,6,0,6,0,6,0,6,,,,,,,
52,E,4Pic,470,Describe,No,No,NA,7,9,4,5,0,4,0,6,0,6,,,,,1,,
52,S,Pass,0,Describe,No,No,NA,0,14,0,6,0,6,0,6,0,6,,,,,,,
52,W,Pass,0,Pregunta,No,No,NA,12,16,5,6,3,4,0,4,0,4,,,,,,,
52,N,Pass,0,Describe,No,No,NA,0,14,0,6,0,6,0,6,0,6,,,,,,,
53,N,Pass,0,Describe,No,No,NA,0,11,0,6,0,6,0,6,0,6,,,,,,,
53,E,Pass,0,Describe,No,No,NA,0,11,0,6,0,6,0,6,0,6,,,,,,,
53,S,1Dia,130,Describe,No,No,NA,11,21,0,4,0,4,4,9,0,6,,,,,,,
53,W,1Pic,170,Describe,No,No,NA,8,17,5,9,0,4,0,5,0,6,,,,,,,
53,N,X,171,Describe,No,No,Doblo negativo,5,11,0,4,4,5,0,6,0,6,,,,,,,
53,E,2Cor,250,Describe,Si,Si,Underbid,7,9,3,4,0,5,0,5,0,5,,,,,,,
53,S,X,251,Describe,No,No,NA,11,21,0,4,3,4,4,9,0,6,,,,,,,
53,W,3Pic,370,Describe,No,No,NA,12,15,5,9,0,4,0,5,0,6,,,,,,,
53,N,Pass,0,Describe,No,No,NA,5,9,0,4,4,5,0,6,0,6,,,,,,,
53,E,Pass,0,Describe,No,No,NA,7,9,3,4,0,5,0,5,0,5,,,,,,,
53,S,Pass,0,Describe,No,No,NA,11,21,0,4,3,4,4,9,0,6,,,,,,,
54,E,Pass,0,Describe,No,No,NA,0,11,0,6,0,6,0,6,0,6,,,,,,,
54,S,1NT,190,Describe,No,No,NA,14,17,2,5,2,5,2,5,2,5,,,,,,,
54,W,Pass,0,Describe,No,No,NA,0,14,0,6,0,6,0,6,0,6,,,,,,,
54,N,2Tre,210,Pregunta,Si,No,Stayman,0,21,0,5,0,5,0,5,0,5,,,,,,,
54,E,Pass,0,Describe,No,No,NA,0,11,0,6,0,6,0,6,0,6,,,,,,,
54,S,2Pic,270,Describe,No,No,NA,14,17,4,5,2,5,2,5,2,5,,,,,,,
54,W,Pass,0,Describe,No,No,NA,0,14,0,6,0,6,0,6,0,6,,,,,,,
54,N,4Pic,470,Describe,No,No,NA,8,14,4,5,0,5,0,5,0,5,,,,,,,
54,E,Pass,0,Describe,No,No,NA,0,11,0,6,0,6,0,6,0,6,,,,,,,
54,S,Pass,0,Describe,No,No,NA,14,17,4,5,2,5,2,5,2,5,,,,,,,
54,W,Pass,0,Describe,No,No,NA,0,14,0,6,0,6,0,6,0,6,,,,,,,
55,S,3Dia,330,Describe,No,No,NA,6,11,0,3,0,3,6,7,0,5,,,,,,,
55,W,Pass,0,Describe,No,No,NA,0,14,0,6,0,6,0,6,0,6,,,,,,,
55,N,4Dia,430,Describe,No,No,NA,5,14,0,5,0,5,2,4,0,5,,,,,,,
55,E,Pass,0,Describe,No,No,NA,0,14,0,6,0,6,0,6,0,6,,,,,,,
55,S,Pass,0,Describe,No,No,NA,6,11,0,3,0,3,6,7,0,5,,,,,,,
55,W,Pass,0,Describe,No,No,NA,0,14,0,6,0,6,0,6,0,6,,,,,,,
56,W,1Pic,170,Describe,No,No,NA,11,21,5,9,0,6,0,6,0,6,,,,,,,
56,N,Pass,0,Describe,No,No,NA,0,14,0,6,0,6,0,6,0,6,,,,,,,
56,E,2Cor,250,Describe,Si,Si,NA,12,29,0,5,5,9,0,6,0,6,,,,,,,
56,S,Pass,0,Describe,No,No,NA,0,14,0,6,0,6,0,6,0,6,,,,,,,
56,W,2Pic,270,Describe,No,No,NA,11,21,5,9,0,6,0,6,0,6,,,,,,,
56,N,Pass,0,Describe,No,No,NA,0,14,0,6,0,6,0,6,0,6,,,,,,,
56,E,4Pic,470,Describe,No,No,NA,11,13,4,5,5,6,0,4,0,4,,,,,,,
56,S,Pass,0,Describe,No,No,NA,0,14,0,6,0,6,0,6,0,6,,,,,,,
56,W,Pass,0,Describe,No,No,NA,11,21,5,9,0,6,0,6,0,6,,,,,,,
56,N,Pass,0,Describe,No,No,NA,0,14,0,6,0,6,0,6,0,6,,,,,,,
57,N,Pass,0,Describe,No,No,NA,0,11,0,6,0,6,0,6,0,6,,,,,,,
57,E,1NT,190,Describe,No,No,NA,14,17,2,5,2,5,2,5,2,5,,,,,,,
57,S,Pass,0,Describe,No,No,NA,0,14,0,6,0,6,0,6,0,6,,,,,,,
57,W,2Cor,250,Describe,Si,No,Transfer,0,25,5,9,0,3,0,5,0,5,,,,,,,
57,N,Pass,0,Describe,No,No,NA,0,11,0,6,0,6,0,6,0,6,,,,,,,
57,E,2Pic,270,Describe,No,No,NA,14,17,2,4,2,5,2,5,2,5,,,,,,,
57,S,Pass,0,Describe,No,No,NA,0,14,0,6,0,6,0,6,0,6,,,,,,,
57,W,Pass,0,Describe,No,No,NA,0,7,5,7,0,3,0,5,0,5,,,,,,,
57,N,Pass,0,Describe,No,No,NA,0,11,0,6,0,6,0,6,0,6,,,,,,,
101,N,1Dia,130,Describe,No,No,NA,11,21,0,4,0,4,4,9,0,6,,,,,,,
101,E,2Pic,270,Describe,No,No,NA,0,8,5,7,0,4,0,4,0,4,,,,,,,
101,S,Pass,0,Describe,No,No,NA,0,10,0,6,0,6,0,6,0,6,,,,,,,
101,W,Pass,0,Describe,No,No,NA,0,10,0,6,0,6,0,6,0,6,,,,,,,
101,N,2NT,290,Describe,No,No,NA,17,19,2,4,1,4,4,6,1,4,,,,,,,
101,E,Pass,0,Describe,No,No,NA,0,8,5,7,0,4,0,4,0,4,,,,,,,
101,S,3NT,390,Describe,No,No,NA,6,10,0,6,0,6,0,6,0,6,,,,,,,
101,W,Pass,0,Describe,No,No,NA,0,10,0,6,0,6,0,6,0,6,,,,,,,
101,N,Pass,0,Describe,No,No,NA,17,19,2,4,1,4,4,6,1,4,,,,,,,
101,E,Pass,0,Describe,No,No,NA,0,8,5,7,0,4,0,4,0,4,,,,,,,
102,E,1NT,190,Describe,No,No,NA,14,17,2,5,2,5,2,5,2,5,,,,,,,
102,S,Pass,0,Describe,No,No,NA,0,14,0,6,0,6,0,6,0,6,,,,,,,
102,W,Pass,0,Describe,No,No,NA,0,8,0,4,0,4,0,5,0,5,,,,,,,
102,N,2Tre,210,Describe,Si,Si,Multi Landy,8,15,0,6,0,6,0,3,0,3,,,,,,,
102,E,Pass,0,Describe,No,No,NA,14,17,2,5,2,5,2,5,2,5,,,,,,,
102,S,2Cor,250,Describe,No,No,NA,0,10,0,4,2,4,0,7,0,7,,,,,,,
102,W,Pass,0,Describe,No,No,NA,0,8,0,4,0,4,0,5,0,5,,,,,,,
102,N,Pass,0,,No,No,NA,8,15,0,6,0,6,0,3,0,3,,,,,,,
102,E,Pass,0,,No,No,NA,14,17,2,5,2,5,2,5,2,5,,,,,,,
103,S,Pass,0,Describe,No,No,NA,0,11,0,6,0,6,0,6,0,6,,,,,,,
103,W,Pass,0,Describe,No,No,NA,0,11,0,6,0,6,0,6,0,6,,,,,,,
103,N,1Tre,110,Describe,No,No,NA,11,21,0,5,0,5,0,4,2,9,,,,,,,
103,E,1NT,190,Describe,No,No,NA,15,18,1,5,1,5,1,5,2,5,,,,,,,
103,S,X,191,Describe,No,No,NA,9,11,0,6,0,6,0,6,0,6,,,,,,,
103,W,Pass,0,Describe,No,No,NA,0,11,0,4,0,4,0,5,0,5,,,,,,,
103,N,Pass,0,Describe,No,No,NA,11,21,0,5,0,5,0,4,2,9,,,,,,,
103,E,Pass,0,Describe,No,No,NA,15,18,1,5,1,5,1,5,2,5,,,,,,,
104,W,1Dia,130,Describe,No,No,NA,11,21,0,4,0,4,4,9,0,6,,,,,,,
104,N,X,131,Describe,No,No,Doblo negativo,10,25,0,8,0,8,0,5,0,8,,,,,,,
104,E,3Dia,330,Describe,No,No,Barrage,2,6,0,5,0,5,4,6,0,6,,,,,,,
104,S,3Cor,350,Describe,No,No,NA,6,10,0,4,4,6,0,4,0,6,,,,,,,
104,W,4Dia,430,Describe,No,No,NA,11,17,0,4,0,4,5,7,0,6,,,,,,,
104,N,Pass,0,Describe,No,No,NA,10,14,3,4,3,4,0,4,2,5,,,,,,,
104,E,Pass,0,Describe,No,No,NA,2,6,0,5,0,5,4,6,0,6,,,,,,,
104,S,Pass,0,Describe,No,No,NA,6,10,0,4,4,6,0,4,0,6,,,,,,,
105,N,Pass,0,Describe,No,No,NA,0,11,0,6,0,6,0,6,0,6,,,,,,,
105,E,Pass,0,Describe,No,No,NA,0,11,0,6,0,6,0,6,0,6,,,,,,,
105,S,1Cor,150,Describe,No,No,NA,11,21,0,4,5,9,0,6,0,6,,,,,,,
105,W,1Pic,170,Describe,No,No,NA,7,17,5,8,0,5,0,6,0,6,,,,,,,
105,N,Pass,0,Describe,No,No,NA,0,11,0,6,0,3,0,6,0,6,,,,,,,
105,E,Pass,0,Describe,No,No,NA,0,8,0,3,0,6,0,6,0,6,,,,,,,
105,S,X,171,Describe,No,No,Doblo negativo,12,21,0,4,5,9,0,6,0,6,,,,,,,
105,W,Pass,0,Describe,No,No,NA,7,14,5,6,0,5,0,6,0,6,,,,,,,
105,N,2Cor,250,Describe,No,No,NA,0,5,0,4,2,3,0,6,0,6,,,,,,,
105,E,Pass,0,Describe,No,No,NA,0,8,0,3,0,6,0,6,0,6,,,,,,,
105,S,2Pic,270,Describe,Si,Si,NA,18,21,0,4,5,6,0,4,0,4,,,,,,,
105,W,Pass,0,Describe,No,No,NA,7,14,5,6,0,5,0,6,0,6,,,,,,,
105,N,3Cor,350,Describe,No,No,NA,0,5,0,5,2,3,0,4,0,4,,,,,,,
105,E,Pass,0,Describe,No,No,NA,0,8,0,3,0,6,0,6,0,6,,,,,,,
105,S,Pass,0,Describe,Si,Si,NA,18,20,0,4,5,6,0,4,0,4,,,,,,,
105,W,Pass,0,Describe,No,No,NA,7,14,5,6,0,5,0,6,0,6,,,,,,,
106,E,1Cor,150,Describe,No,No,NA,11,21,0,4,5,9,0,6,0,6,,,,,,,
106,S,2Dia,230,Describe,No,No,NA,10,17,0,4,0,4,5,6,0,4,,,,,,,
106,W,3Dia,330,Describe,Si,No,NA,10,20,0,6,3,5,0,5,0,5,,,,,,,
106,N,Pass,0,Describe,No,No,NA,0,8,0,6,0,6,0,3,0,6,,,,,,,
106,E,3Cor,350,Describe,No,No,NA,11,13,0,4,5,5,0,4,0,4,,,,,,,
106,S,Pass,0,Describe,No,No,NA,10,17,0,4,0,4,5,6,0,4,,,,,,,
106,W,Pass,0,Describe,Si,No,NA,10,12,0,6,3,4,0,5,0,5,,,,,,,
106,N,Pass,0,Describe,No,No,NA,0,8,0,6,0,6,0,3,0,6,,,,,,,
107,S,Pass,0,Describe,No,No,NA,0,11,0,6,0,6,0,6,0,6,,,,,,,
107,W,1Dia,130,Describe,No,No,NA,11,21,0,4,0,4,4,9,0,6,,,,,,,
107,N,X,131,Describe,No,No,Doblo negativo,10,25,0,8,0,8,0,5,0,8,,,,,,,
107,E,1Pic,170,Describe,Si,No,NA,5,20,4,7,0,5,0,5,0,5,,,,,,,
107,S,2Cor,250,Describe,No,No,NA,7,10,0,4,4,6,0,5,0,5,,,,,,,
107,W,Pass,0,Describe,No,No,NA,11,14,0,4,0,4,4,6,0,4,,,,,,,
107,N,Pass,0,Describe,No,No,NA,10,14,3,4,3,4,0,3,2,5,,,,,,,
107,E,Pass,0,Describe,Si,No,NA,5,9,4,5,0,5,0,5,0,5,,,,,,,
108,W,3Cor,350,Describe,No,No,NA,3,10,0,4,6,7,0,4,0,4,,,,,,,
108,N,Pass,0,Describe,No,No,NA,0,14,0,6,0,6,0,6,0,6,,,,,,,
108,E,4Cor,450,Describe,No,No,NA,0,22,0,6,1,6,0,6,0,6,,,,,,,
108,S,X,451,Describe,No,No,Doblo negativo,12,25,0,7,0,3,0,7,0,7,,,,,,,
108,W,Pass,0,Describe,No,No,NA,3,10,0,4,6,7,0,4,0,4,,,,,,,
108,N,Pass,0,Describe,Describe,No,No,0,14,0,4,0,4,0,5,0,5,,,,,,,
108,E,Pass,0,Describe,No,No,NA,0,22,0,6,1,6,0,6,0,6,,,,,,,
109,N,Pass,0,Describe,No,No,NA,0,11,0,6,0,6,0,6,0,6,,,,,,,
109,E,1NT,190,Describe,No,No,NA,14,17,2,5,2,5,2,6,2,6,,,,,,,
109,S,Pass,0,Describe,No,No,NA,0,11,0,6,0,6,0,6,0,6,,,,,,,
109,W,2Tre,210,Pregunta,Si,No,Stayman,0,20,0,5,0,5,0,6,0,6,,,,,,,
109,N,Pass,0,Describe,No,No,NA,0,11,0,6,0,6,0,6,0,6,,,,,,,
109,E,2Cor,250,Describe,No,No,NA,14,17,2,4,4,5,2,5,2,5,,,,,,,
109,S,Pass,0,Describe,No,No,NA,0,11,0,6,0,6,0,6,0,6,,,,,,,
109,W,3Tre,310,Describe,Si,No,NA,9,20,4,4,0,3,0,4,5,6,,,,,,,
109,N,Pass,0,Describe,No,No,NA,0,11,0,6,0,6,0,6,0,6,,,,,,,
109,E,3Pic,370,Describe,Si,No,NA,14,17,4,4,4,4,2,3,2,3,,,,,,,
109,S,Pass,0,Describe,No,No,NA,0,11,0,6,0,6,0,6,0,6,,,,,,,
109,W,4Pic,470,Describe,No,No,NA,9,20,4,4,0,3,0,4,5,6,,,,,,,
110,E,1Dia,130,Describe,No,No,NA,11,21,0,4,0,4,4,9,0,6,,,,,,,
110,S,1Pic,170,Describe,No,No,NA,7,17,5,8,0,4,0,5,0,5,,,,,,,
110,W,3Pic,370,Describe,Si,Si,Splinter,11,20,0,1,0,3,4,7,0,5,,,,,,,
110,N,Pass,0,Describe,No,No,NA,0,10,0,4,0,6,0,4,0,7,,,,,,,
110,E,4Dia,430,Describe,No,No,NA,11,13,0,4,0,4,4,9,0,6,,,,,,,
110,S,Pass,0,Describe,No,No,NA,7,17,5,7,0,4,0,5,0,5,,,,,,,
110,W,5Dia,530,Describe,No,No,NA,11,17,0,1,0,3,4,7,0,5,,,,,,,
110,N,Pass,0,Describe,No,No,NA,0,10,0,4,0,6,0,4,0,7,,,,,,,
110,E,Pass,0,Describe,No,No,NA,11,13,0,4,0,4,4,9,0,6,,,,,,,
110,S,Pass,0,Describe,No,No,NA,7,17,5,7,0,4,0,5,0,5,,,,,,,
111,S,1Pic,170,Describe,No,No,NA,11,21,5,9,0,6,0,6,0,6,,,,,,,
111,W,3Dia,330,Describe,No,No,NA,0,10,0,4,0,4,6,7,0,4,,,,,,,
111,N,X,331,Describe,No,No,Doblo negativo,10,20,0,2,3,5,0,4,0,7,,,,,,,
111,E,Pass,0,Describe,No,No,NA,0,15,0,6,0,6,0,3,0,6,,,,,,,
111,S,4Pic,470,Describe,No,No,NA,15,18,6,8,0,4,0,4,0,5,,,,,,,
111,W,Pass,0,Describe,No,No,NA,0,10,0,4,0,4,6,7,0,4,,,,,,,
111,N,Pass,0,Describe,No,No,Doblo negativo,10,15,0,2,3,5,0,4,0,7,,,,,,,
111,E,Pass,0,Describe,No,No,NA,0,15,0,6,0,6,0,3,0,6,,,,,,,
112,W,Pass,0,Describe,No,No,NA,0,11,0,6,0,6,0,6,0,6,,,,,,,
112,N,Pass,0,Describe,No,No,NA,0,11,0,6,0,6,0,6,0,6,,,,,,,
112,E,1Dia,130,Describe,No,No,NA,11,21,0,4,0,4,4,9,0,6,,,,,,,
112,S,X,131,Describe,No,No,Doblo negativo,11,25,0,8,0,8,0,5,0,8,,,,,,,
112,W,1Cor,150,Describe,No,No,NA,5,11,0,4,4,5,0,6,0,6,,,,,,,
112,N,1Pic,170,Describe,No,No,NA,5,8,4,5,0,4,0,5,0,5,,,,,,,
112,E,Pass,0,Describe,No,No,NA,11,14,0,4,0,3,4,6,0,5,,,,,,,
112,S,2Cor,250,Describe,No,No,NA,17,20,0,3,5,7,0,4,0,5,,,,,,,
112,W,3Dia,330,Describe,No,No,NA,5,9,0,4,4,5,4,5,0,4,,,,,,,
112,N,3Cor,350,Describe,No,No,NA,5,6,4,5,3,4,0,5,0,5,,,,,,,
112,E,Pass,0,Describe,No,No,NA,11,14,0,4,0,3,4,6,0,5,,,,,,,
112,S,4Cor,450,Describe,No,No,NA,18,20,0,3,5,7,0,4,0,5,,,,,,,
112,W,Pass,0,Describe,No,No,NA,5,9,0,4,4,5,4,5,0,4,,,,,,,
112,N,Pass,0,Describe,No,No,NA,5,6,4,5,3,4,0,5,0,5,,,,,,,
112,E,Pass,0,Describe,No,No,NA,11,14,0,4,0,3,4,6,0,5,,,,,,,
113,N,1Tre,110,Describe,No,No,NA,11,21,0,4,0,4,4,5,2,9,,,,,,,
113,E,Pass,0,Describe,No,No,NA,0,14,0,6,0,6,0,6,0,6,,,,,,,
113,S,1Pic,170,Describe,Si,No,NA,5,22,4,8,0,5,0,6,0,6,,,,,,,
113,W,2Cor,250,Describe,No,No,NA,8,18,0,4,5,7,0,5,0,5,,,,,,,
113,N,4Pic,470,Describe,No,Si,NA,11,14,4,5,0,3,0,3,6,7,,,,,,,
113,E,5Cor,550,Describe,No,No,NA,3,15,0,5,3,6,0,6,0,5,,,,,,,
113,S,Pass,0,Describe,Si,No,NA,5,16,4,8,0,3,0,6,0,6,,,,,,,
113,W,Pass,0,Describe,No,No,NA,8,18,0,4,5,7,0,5,0,5,,,,,,,
113,N,5Pic,570,Describe,No,Si,NA,11,14,4,5,0,3,0,3,6,7,,,,,,,
113,E,Pass,0,Describe,No,No,NA,3,15,0,5,3,6,0,6,0,5,,,,,,,
113,S,Pass,0,Describe,Si,No,NA,5,16,4,8,0,3,0,6,0,6,,,,,,,
113,W,Pass,0,Describe,No,No,NA,8,18,0,4,5,7,0,5,0,5,,,,,,,
114,E,Pass,0,Describe,No,No,NA,0,11,0,6,0,6,0,6,0,6,,,,,,,
114,S,1Dia,130,Describe,No,No,NA,11,21,0,4,0,4,4,9,0,6,,,,,,,
114,W,Pass,0,Describe,No,No,NA,0,14,0,6,0,6,0,6,0,6,,,,,,,
114,N,1Pic,170,Describe,Si,No,NA,5,22,4,8,0,5,0,5,0,6,,,,,,,
114,E,Pass,0,Describe,No,No,NA,0,11,0,6,0,6,0,6,0,6,,,,,,,
114,S,2Pic,270,Describe,No,No,NA,11,14,3,4,0,4,4,9,0,6,,,,,,,
114,W,Pass,0,Describe,No,No,NA,0,14,0,6,0,6,0,6,0,6,,,,,,,
114,N,Pass,0,Describe,Si,No,NA,5,10,4,7,0,5,0,5,0,6,,,,,,,
114,E,Pass,0,Describe,No,No,NA,0,11,0,6,0,6,0,6,0,6,,,,,,,
115,S,Pass,0,Describe,No,No,NA,0,11,0,6,0,6,0,6,0,6,,,,,,,
115,W,Pass,0,Describe,No,No,NA,0,11,0,6,0,6,0,6,0,6,,,,,,,
115,N,3Dia,330,Describe,No,No,NA,0,12,0,4,0,4,6,7,0,5,,,,,,,
115,E,X,331,Describe,No,No,Doblo negativo,12,25,0,8,0,8,0,4,0,8,,,,,,,
115,S,4Dia,430,Describe,No,No,Barrage,0,11,0,6,0,6,3,4,0,6,,,,,,,
115,W,4Cor,450,Describe,No,No,NA,8,11,0,3,4,6,0,3,0,6,,,,,,,
115,N,Pass,0,Describe,No,No,NA,0,12,0,4,0,4,6,7,0,5,,,,,,,
115,E,Pass,0,Describe,No,No,Doblo negativo,12,18,3,5,3,5,0,3,2,5,,,,,,,
115,S,Pass,0,Describe,No,No,Barrage,0,11,0,6,0,6,3,4,0,6,,,,,,,
