Board,Jugador,Subasta_Real,Subasta_Predicha,Grilla_Predicha,Min_HCP,Max_HCP,Min_S,Max_S,Min_H,Max_H,Min_D,Max_D,Min_C,Max_C,Grilla,Force,Es_Correcta,Confianza,Subasta_Previa
1,N,Pass,Pass,0,6.12,6.12,0.0,5.24,0.0,5.47,0.0,5.62,0.0,5.48,0,No,SI,0.9410,
1,E,1Tre,1Tre,110,16.1,16.1,0.0,4.08,0.0,4.01,0.0,4.11,2.23,7.27,110,No,SI,0.9980,Pass
1,S,1NT,1NT,190,13.13,13.13,1.69,3.4,0.81,2.93,1.65,3.47,1.75,4.03,190,No,SI,0.7808,Pass - 1Tre
1,W,Pass,1NT,190,1.81,1.81,0.63,1.43,0.0,1.13,0.11,1.15,0.09,1.32,0,No,NO,1.0000,Pass - 1Tre - 1NT
1,N,Pass,2Pic,270,5.45,5.45,0.0,4.44,0.0,4.51,0.0,4.86,0.0,4.65,0,No,NO,0.6130,Pass - 1Tre - 1NT - Pass
1,E,Pass,3Dia,330,16.6,16.6,2.15,5.1,0.68,4.02,0.93,4.84,1.53,5.88,0,No,NO,0.9766,Pass - 1Tre - 1NT - Pass - Pass
2,E,Pass,Pass,0,6.08,6.08,0.0,5.27,0.0,5.7,0.0,5.57,0.0,5.51,0,No,SI,0.9481,
2,S,Pass,Pass,0,5.45,5.45,0.0,5.19,0.0,5.59,0.0,5.54,0.0,5.47,0,No,SI,0.9552,Pass
2,W,Pass,Pass,0,5.9,5.9,0.0,5.07,0.0,5.51,0.0,5.42,0.0,5.45,0,No,SI,0.7299,Pass - Pass
2,N,1Tre,1Tre,110,14.74,14.74,2.24,5.08,1.1,4.3,0.77,4.8,1.16,5.36,110,No,SI,0.9969,Pass - Pass - Pass
2,E,Pass,Pass,0,6.09,6.09,0.0,5.47,0.0,5.49,0.0,5.58,0.0,5.66,0,No,SI,0.9248,Pass - Pass - Pass - 1Tre
2,S,1NT,1NT,190,9.51,9.51,0.63,3.79,2.34,5.37,0.13,4.61,0.61,4.68,190,No,SI,0.9976,Pass - Pass - Pass - 1Tre - Pass
2,W,X,1NT,190,20.42,20.42,1.95,3.97,1.2,2.72,1.17,3.68,1.85,4.62,191,Si,NO,0.7460,Pass - Pass - Pass - 1Tre - Pass - 1NT
2,N,Pass,2Pic,270,13.0,13.0,2.11,4.74,0.66,3.86,0.0,3.97,1.32,5.46,0,No,NO,0.9999,Pass - Pass - Pass - 1Tre - Pass - 1NT - X
2,E,2Cor,3Dia,330,4.84,4.84,0.0,3.5,2.91,5.98,0.0,4.49,0.47,4.41,250,No,NO,0.8165,Pass - Pass - Pass - 1Tre - Pass - 1NT - X - Pass
2,S,3Tre,Pass,0,7.75,7.75,0.0,4.66,0.0,4.9,0.0,4.93,0.45,5.3,310,No,NO,0.9999,Pass - Pass - Pass - 1Tre - Pass - 1NT - X - Pass - 2Cor
2,W,Pass,4Pic,470,18.16,18.16,1.65,3.99,0.83,2.87,0.67,3.64,1.27,4.13,0,Si,NO,0.9967,Pass - Pass - Pass - 1Tre - Pass - 1NT - X - Pass - 2Cor - 3Tre
2,N,Pass,6Pic,670,15.51,15.51,2.18,5.1,1.34,4.51,1.0,5.04,1.27,5.46,0,No,NO,0.9152,Pass - Pass - Pass - 1Tre - Pass - 1NT - X - Pass - 2Cor - 3Tre - Pass
2,E,Pass,Pass,0,5.06,5.06,0.0,3.41,2.62,5.52,0.0,4.46,0.58,4.41,0,No,SI,1.0000,Pass - Pass - Pass - 1Tre - Pass - 1NT - X - Pass - 2Cor - 3Tre - Pass - Pass
3,S,Pass,Pass,0,6.07,6.07,0.0,5.1,0.0,5.43,0.0,5.46,0.0,5.38,0,No,SI,0.9309,
3,W,1Dia,1Dia,130,15.45,15.45,0.0,3.97,0.0,3.87,4.11,8.78,0.0,5.1,130,No,SI,0.9999,Pass
3,N,Pass,Pass,0,6.74,6.74,0.0,5.91,0.0,6.02,0.0,5.76,0.0,5.76,0,No,SI,0.9220,Pass - 1Dia
3,E,1Pic,2Tre,210,19.47,19.47,0.75,5.81,0.42,5.43,1.4,6.16,0.67,6.51,170,Si,NO,0.9837,Pass - 1Dia - Pass
3,S,X,Pass,0,7.42,7.42,0.01,3.8,0.0,3.86,1.09,4.88,0.98,4.96,171,Si,NO,0.3148,Pass - 1Dia - Pass - 1Pic
3,W,2Dia,Pass,0,10.3,10.3,1.48,4.31,2.01,4.79,0.0,4.15,0.42,4.72,230,No,NO,0.4468,Pass - 1Dia - Pass - 1Pic - X
3,N,Pass,Pass,0,6.05,6.05,1.16,5.04,0.0,4.2,0.0,4.94,0.0,4.86,0,No,SI,0.5973,Pass - 1Dia - Pass - 1Pic - X - 2Dia
3,E,2Cor,2Cor,250,18.07,18.07,2.44,5.17,1.05,3.92,1.39,4.67,0.93,4.8,250,Si,SI,0.8879,Pass - 1Dia - Pass - 1Pic - X - 2Dia - Pass
3,S,Pass,Pass,0,7.24,7.24,0.0,4.77,0.0,4.73,0.15,5.39,0.45,5.54,0,Si,SI,0.8760,Pass - 1Dia - Pass - 1Pic - X - 2Dia - Pass - 2Cor
3,W,3NT,4Tre,410,12.22,12.22,0.0,2.88,0.0,3.0,2.2,4.51,0.5,4.0,390,No,NO,0.6530,Pass - 1Dia - Pass - 1Pic - X - 2Dia - Pass - 2Cor - Pass
3,N,Pass,Pass,0,5.84,5.84,0.39,5.58,0.0,5.01,0.0,5.55,0.0,5.45,0,No,SI,0.9343,Pass - 1Dia - Pass - 1Pic - X - 2Dia - Pass - 2Cor - Pass - 3NT
3,E,Pass,4Cor,450,19.79,19.79,2.31,5.16,1.08,4.19,1.1,4.48,0.84,5.11,0,Si,NO,0.7749,Pass - 1Dia - Pass - 1Pic - X - 2Dia - Pass - 2Cor - Pass - 3NT - Pass
3,S,Pass,Pass,0,6.86,6.86,0.0,4.2,0.0,4.5,0.42,5.2,0.54,5.11,0,Si,SI,0.9138,Pass - 1Dia - Pass - 1Pic - X - 2Dia - Pass - 2Cor - Pass - 3NT - Pass - Pass
4,W,1Dia,1Dia,130,15.47,15.47,0.0,3.95,0.0,3.85,4.29,8.98,0.0,5.03,130,No,SI,1.0000,
4,N,Pass,Pass,0,6.18,6.18,0.0,5.66,0.0,5.95,0.0,5.7,0.0,5.63,0,No,SI,0.8914,1Dia
4,E,1Pic,2Tre,210,18.16,18.16,0.43,5.51,0.99,5.69,1.08,6.14,0.48,6.31,170,Si,NO,0.9100,1Dia - Pass
4,S,Pass,Pass,0,6.55,6.55,0.0,5.64,0.0,5.54,0.0,5.69,0.0,5.81,0,No,SI,0.8906,1Dia - Pass - 1Pic
4,W,2Cor,2Dia,230,11.83,11.83,0.48,3.57,2.43,5.65,0.74,5.26,0.0,4.59,250,Si,NO,0.9994,1Dia - Pass - 1Pic - Pass
4,N,Pass,2Pic,270,13.72,13.72,1.4,4.38,2.1,5.2,0.18,4.48,0.53,4.86,0,No,NO,0.9339,1Dia - Pass - 1Pic - Pass - 2Cor
4,E,2Pic,3Dia,330,15.41,15.41,2.02,5.12,0.0,3.58,2.67,5.72,0.39,4.49,270,Si,NO,0.9993,1Dia - Pass - 1Pic - Pass - 2Cor - Pass
4,S,Pass,Pass,0,6.89,6.89,0.0,6.03,0.0,6.3,0.0,6.06,0.0,6.0,0,No,SI,0.9999,1Dia - Pass - 1Pic - Pass - 2Cor - Pass - 2Pic
4,W,3Tre,3NT,390,5.66,5.66,1.19,2.3,0.12,2.0,0.85,2.48,0.0,2.11,310,Si,NO,0.6104,1Dia - Pass - 1Pic - Pass - 2Cor - Pass - 2Pic - Pass
4,N,Pass,Pass,0,14.72,14.72,1.5,4.91,2.11,5.63,0.31,5.05,0.56,5.36,0,No,SI,0.5535,1Dia - Pass - 1Pic - Pass - 2Cor - Pass - 2Pic - Pass - 3Tre
4,E,3Dia,4Tre,410,19.19,19.19,0.0,5.08,0.0,3.72,3.74,6.61,0.5,5.44,330,Si,NO,0.9972,1Dia - Pass - 1Pic - Pass - 2Cor - Pass - 2Pic - Pass - 3Tre - Pass
4,S,Pass,Pass,0,6.14,6.14,0.0,5.59,0.0,5.66,0.0,5.71,0.0,5.78,0,No,SI,0.9975,1Dia - Pass - 1Pic - Pass - 2Cor - Pass - 2Pic - Pass - 3Tre - Pass - 3Dia
4,W,3NT,4Dia,430,6.36,6.36,1.31,2.51,0.19,2.17,0.91,2.69,0.0,2.29,390,No,NO,0.9509,1Dia - Pass - 1Pic - Pass - 2Cor - Pass - 2Pic - Pass - 3Tre - Pass - 3Dia - Pass
4,N,Pass,6Pic,670,14.72,14.72,2.16,5.23,1.94,5.04,0.1,4.61,0.49,5.05,0,No,NO,0.3913,1Dia - Pass - 1Pic - Pass - 2Cor - Pass - 2Pic - Pass - 3Tre - Pass - 3Dia - Pass - 3NT
4,E,Pass,6Pic,670,19.21,19.21,0.0,5.07,0.0,3.82,3.69,6.59,0.53,5.48,0,No,NO,0.9999,1Dia - Pass - 1Pic - Pass - 2Cor - Pass - 2Pic - Pass - 3Tre - Pass - 3Dia - Pass - 3NT - Pass
4,S,Pass,Pass,0,6.68,6.68,0.0,6.01,0.0,6.08,0.0,6.19,0.0,6.2,0,No,SI,1.0000,1Dia - Pass - 1Pic - Pass - 2Cor - Pass - 2Pic - Pass - 3Tre - Pass - 3Dia - Pass - 3NT - Pass - Pass
5,N,1Dia,1Dia,130,16.06,16.06,0.0,4.38,0.0,3.97,3.36,7.81,0.0,5.24,130,No,SI,0.9995,
5,E,1Pic,1Pic,170,12.98,12.98,2.91,5.81,1.03,4.49,0.0,4.29,0.1,4.58,170,No,SI,0.9743,1Dia
5,S,Pass,Pass,0,6.43,6.43,0.0,5.04,0.0,4.77,0.0,5.32,0.0,5.44,0,No,SI,0.8616,1Dia - 1Pic
5,W,1NT,1Pic,170,8.92,8.92,0.0,4.4,2.59,7.2,0.0,6.18,0.0,5.53,190,No,NO,0.9293,1Dia - 1Pic - Pass
5,N,2Dia,2Tre,210,10.16,10.16,0.68,3.63,0.54,3.61,0.75,4.15,1.95,4.99,230,No,NO,0.9090,1Dia - 1Pic - Pass - 1NT
5,E,Pass,2Cor,250,10.55,10.55,2.88,5.92,0.62,4.58,0.0,4.07,0.0,4.45,0,No,NO,0.9997,1Dia - 1Pic - Pass - 1NT - 2Dia
5,S,Pass,2Pic,270,7.34,7.34,0.5,4.44,0.0,4.3,0.12,4.95,0.65,5.02,0,No,NO,0.4614,1Dia - 1Pic - Pass - 1NT - 2Dia - Pass
5,W,Pass,2Pic,270,8.21,8.21,0.0,4.83,0.03,5.82,0.0,5.96,0.0,5.23,0,No,NO,0.9981,1Dia - 1Pic - Pass - 1NT - 2Dia - Pass - Pass
6,E,Pass,Pass,0,6.08,6.08,0.0,5.27,0.0,5.7,0.0,5.57,0.0,5.51,0,No,SI,0.9481,
6,S,Pass,Pass,0,5.45,5.45,0.0,5.19,0.0,5.59,0.0,5.54,0.0,5.47,0,No,SI,0.9552,Pass
6,W,2Cor,Pass,0,6.63,6.63,0.0,4.78,0.0,5.48,0.0,5.32,0.0,5.08,250,No,NO,0.8017,Pass - Pass
6,N,X,3Dia,330,15.92,15.92,3.15,5.59,0.16,3.6,1.5,4.99,0.18,4.49,251,No,NO,0.9303,Pass - Pass - 2Cor
6,E,Pass,Pass,0,6.5,6.5,0.0,6.13,0.0,6.16,0.0,6.14,0.0,6.12,0,No,SI,0.9992,Pass - Pass - 2Cor - X
6,S,2NT,3Dia,330,4.0,4.0,1.29,2.59,0.0,1.76,0.1,1.88,0.17,2.12,290,No,NO,0.9109,Pass - Pass - 2Cor - X - Pass
6,W,Pass,Pass,0,6.98,6.98,0.0,5.39,0.0,5.8,0.0,5.8,0.0,5.7,0,No,SI,1.0000,Pass - Pass - 2Cor - X - Pass - 2NT
6,N,3NT,3Cor,350,18.66,18.66,2.09,4.59,2.21,4.46,1.31,4.59,1.14,4.6,390,No,NO,0.8968,Pass - Pass - 2Cor - X - Pass - 2NT - Pass
6,E,Pass,Pass,0,5.86,5.86,0.0,5.18,0.0,5.24,0.0,5.36,0.0,5.47,0,No,SI,0.9916,Pass - Pass - 2Cor - X - Pass - 2NT - Pass - 3NT
6,S,Pass,Pass,0,8.51,8.51,0.44,4.1,0.99,5.15,0.23,5.06,0.89,4.9,0,No,SI,0.9609,Pass - Pass - 2Cor - X - Pass - 2NT - Pass - 3NT - Pass
6,W,Pass,Pass,0,6.76,6.76,0.0,4.92,0.0,5.35,0.0,5.44,0.0,5.17,0,No,SI,0.9988,Pass - Pass - 2Cor - X - Pass - 2NT - Pass - 3NT - Pass - Pass
7,S,1Pic,2Tre,210,17.82,17.82,1.71,5.81,1.94,6.05,0.7,6.01,0.5,5.99,170,No,NO,0.9428,
7,W,Pass,Pass,0,6.23,6.23,0.0,5.32,0.0,5.41,0.0,5.65,0.0,5.74,0,No,SI,0.8544,1Pic
7,N,2Pic,2Pic,270,6.3,6.3,0.0,4.59,0.0,5.44,0.0,5.25,0.0,5.08,270,No,SI,0.8447,1Pic - Pass
7,E,Pass,Pass,0,6.87,6.87,0.0,5.82,0.0,6.19,0.0,5.82,0.0,5.67,0,No,SI,1.0000,1Pic - Pass - 2Pic
7,S,3Cor,2Pic,270,13.41,13.41,1.54,4.58,2.77,5.46,0.17,4.53,1.04,4.94,350,Si,NO,0.3507,1Pic - Pass - 2Pic - Pass
7,W,Pass,Pass,0,6.37,6.37,0.0,5.76,0.0,5.81,0.0,6.02,0.0,6.11,0,No,SI,0.9940,1Pic - Pass - 2Pic - Pass - 3Cor
7,N,3Pic,Pass,0,7.58,7.58,0.74,4.78,0.0,4.39,0.0,5.11,0.35,5.05,370,No,NO,0.5788,1Pic - Pass - 2Pic - Pass - 3Cor - Pass
7,E,Pass,Pass,0,6.39,6.39,0.0,5.68,0.0,5.97,0.0,5.69,0.0,5.67,0,No,SI,0.9994,1Pic - Pass - 2Pic - Pass - 3Cor - Pass - 3Pic
7,S,Pass,4Cor,450,13.72,13.72,1.36,4.66,3.13,5.97,0.14,4.82,0.79,5.07,0,Si,NO,0.7921,1Pic - Pass - 2Pic - Pass - 3Cor - Pass - 3Pic - Pass
7,W,Pass,Pass,0,6.76,6.76,0.0,5.61,0.0,5.91,0.0,6.03,0.0,6.04,0,No,SI,0.9971,1Pic - Pass - 2Pic - Pass - 3Cor - Pass - 3Pic - Pass - Pass
8,W,Pass,Pass,0,6.57,6.57,0.0,4.95,0.0,5.58,0.0,5.38,0.0,5.34,0,No,SI,0.7898,
8,N,1Dia,1Dia,130,16.1,16.1,0.0,4.37,0.0,3.96,3.26,7.67,0.0,5.26,130,No,SI,0.9992,Pass
8,E,1Pic,Pass,0,9.21,9.21,1.06,4.17,0.15,4.13,0.18,4.11,0.96,4.63,170,No,NO,0.9598,Pass - 1Dia
8,S,X,2Cor,250,13.53,13.53,0.84,3.89,0.91,3.91,1.08,4.17,0.73,4.46,171,Si,NO,0.5694,Pass - 1Dia - 1Pic
8,W,4Pic,3Pic,370,5.87,5.87,3.76,5.18,0.0,3.79,0.0,4.0,0.0,4.12,470,No,NO,0.6258,Pass - 1Dia - 1Pic - X
8,N,5Cor,4NT,490,16.56,16.56,0.6,4.61,4.17,7.16,0.0,5.24,0.0,5.03,550,No,NO,0.6722,Pass - 1Dia - 1Pic - X - 4Pic
8,E,Pass,Pass,0,6.63,6.63,0.96,2.86,0.94,3.28,0.75,3.25,1.24,3.49,0,No,SI,0.9784,Pass - 1Dia - 1Pic - X - 4Pic - 5Cor
8,S,Pass,6Dia,630,11.43,11.43,0.56,3.86,1.74,5.01,2.05,6.16,0.12,4.58,0,No,NO,0.6087,Pass - 1Dia - 1Pic - X - 4Pic - 5Cor - Pass
8,W,Pass,Pass,0,3.78,3.78,1.34,3.02,0.49,3.94,0.0,3.48,0.0,3.86,0,No,SI,0.7879,Pass - 1Dia - 1Pic - X - 4Pic - 5Cor - Pass - Pass
8,N,Pass,6Pic,670,15.71,15.71,0.69,4.59,4.1,6.94,0.0,4.93,0.0,4.86,0,No,NO,0.9864,Pass - 1Dia - 1Pic - X - 4Pic - 5Cor - Pass - Pass - Pass
9,N,Pass,Pass,0,6.12,6.12,0.0,5.24,0.0,5.47,0.0,5.62,0.0,5.48,0,No,SI,0.9410,
9,E,Pass,Pass,0,5.66,5.66,0.0,5.37,0.0,5.88,0.0,5.73,0.0,5.62,0,No,SI,0.9605,Pass
9,S,2Tre,1Pic,170,19.31,19.31,3.87,7.36,0.63,5.05,0.94,5.84,0.49,5.83,210,Si,NO,0.7749,Pass - Pass
9,W,Pass,Pass,0,7.27,7.27,0.0,4.73,0.0,5.11,0.0,5.3,0.0,4.74,0,No,SI,0.8307,Pass - Pass - 2Tre
9,N,2Dia,4Tre,410,7.09,7.09,0.0,4.37,0.0,4.97,0.0,5.33,0.16,5.2,230,Si,NO,0.4343,Pass - Pass - 2Tre - Pass
9,E,Pass,Pass,0,6.18,6.18,0.0,5.66,0.0,5.67,0.0,5.75,0.0,5.81,0,No,SI,0.9958,Pass - Pass - 2Tre - Pass - 2Dia
9,S,2Cor,4Tre,410,21.49,21.49,1.77,6.25,1.61,5.92,0.86,6.08,0.37,6.52,250,Si,NO,0.9976,Pass - Pass - 2Tre - Pass - 2Dia - Pass
9,W,Pass,Pass,0,6.88,6.88,0.0,5.14,0.0,5.45,0.0,5.69,0.0,5.21,0,No,SI,1.0000,Pass - Pass - 2Tre - Pass - 2Dia - Pass - 2Cor
9,N,2Pic,Pass,0,7.31,7.31,0.0,5.13,0.0,5.1,0.0,5.67,0.0,5.55,270,Si,NO,0.8621,Pass - Pass - 2Tre - Pass - 2Dia - Pass - 2Cor - Pass
9,E,Pass,Pass,0,6.41,6.41,0.0,5.8,0.0,6.18,0.0,6.0,0.0,5.9,0,No,SI,0.9999,Pass - Pass - 2Tre - Pass - 2Dia - Pass - 2Cor - Pass - 2Pic
9,S,3Dia,4Tre,410,21.48,21.48,1.77,6.25,1.8,6.36,0.68,6.33,0.18,6.6,330,Si,NO,0.9962,Pass - Pass - 2Tre - Pass - 2Dia - Pass - 2Cor - Pass - 2Pic - Pass
9,W,Pass,Pass,0,6.56,6.56,0.0,4.84,0.0,5.26,0.0,5.41,0.0,4.92,0,No,SI,0.9996,Pass - Pass - 2Tre - Pass - 2Dia - Pass - 2Cor - Pass - 2Pic - Pass - 3Dia
9,N,4Cor,Pass,0,7.5,7.5,1.25,4.25,0.69,4.59,0.0,4.45,0.22,4.6,450,No,NO,0.8974,Pass - Pass - 2Tre - Pass - 2Dia - Pass - 2Cor - Pass - 2Pic - Pass - 3Dia - Pass
9,E,Pass,Pass,0,6.31,6.31,0.0,5.22,0.0,5.2,0.0,5.29,0.0,5.48,0,No,SI,0.9874,Pass - Pass - 2Tre - Pass - 2Dia - Pass - 2Cor - Pass - 2Pic - Pass - 3Dia - Pass - 4Cor
9,S,Pass,4Cor,450,21.22,21.22,1.77,6.2,1.88,6.39,0.6,6.3,0.1,6.56,0,No,NO,0.2729,Pass - Pass - 2Tre - Pass - 2Dia - Pass - 2Cor - Pass - 2Pic - Pass - 3Dia - Pass - 4Cor - Pass
9,W,Pass,Pass,0,7.69,7.69,0.0,5.27,0.0,5.79,0.0,6.04,0.0,5.4,0,No,SI,0.9985,Pass - Pass - 2Tre - Pass - 2Dia - Pass - 2Cor - Pass - 2Pic - Pass - 3Dia - Pass - 4Cor - Pass - Pass
10,E,Pass,Pass,0,6.08,6.08,0.0,5.27,0.0,5.7,0.0,5.57,0.0,5.51,0,No,SI,0.9481,
10,S,1Dia,1Dia,130,16.15,16.15,0.0,4.42,0.0,4.2,2.82,7.09,0.51,5.54,130,No,SI,0.9888,Pass
10,W,1Pic,2Cor,250,9.46,9.46,0.86,3.52,1.74,4.05,0.17,3.71,0.82,4.01,170,No,NO,0.8581,Pass - 1Dia
10,N,3Dia,2Pic,270,5.1,5.1,0.65,2.99,0.0,3.41,0.0,3.59,1.84,4.23,330,No,NO,0.6397,Pass - 1Dia - 1Pic
10,E,X,3Cor,350,9.01,9.01,0.33,3.36,2.63,4.93,0.0,3.81,0.34,3.96,331,Si,NO,0.5465,Pass - 1Dia - 1Pic - 3Dia
10,S,Pass,Pass,0,11.22,11.22,1.62,4.9,2.29,5.44,0.0,4.54,0.48,5.29,0,No,SI,0.8786,Pass - 1Dia - 1Pic - 3Dia - X
10,W,3Pic,4Dia,430,11.43,11.43,0.0,3.42,0.0,4.02,3.55,7.28,0.0,4.45,370,No,NO,0.9584,Pass - 1Dia - 1Pic - 3Dia - X - Pass
10,N,Pass,Pass,0,3.97,3.97,0.3,2.53,0.84,3.33,0.0,3.18,0.69,3.22,0,No,SI,0.9794,Pass - 1Dia - 1Pic - 3Dia - X - Pass - 3Pic
10,E,Pass,4Cor,450,11.65,11.65,0.49,4.12,2.8,5.64,0.0,4.68,0.37,4.77,0,No,NO,0.4704,Pass - 1Dia - 1Pic - 3Dia - X - Pass - 3Pic - Pass
10,S,Pass,4Cor,450,11.95,11.95,1.3,4.61,3.19,5.85,0.0,4.69,0.37,4.91,0,No,NO,0.8227,Pass - 1Dia - 1Pic - 3Dia - X - Pass - 3Pic - Pass - Pass
11,S,1Cor,1NT,190,14.35,14.35,1.22,4.72,2.57,5.97,0.49,5.16,0.78,5.3,150,No,NO,0.3742,
11,W,Pass,Pass,0,5.69,5.69,0.0,5.02,0.0,5.39,0.0,5.43,0.0,5.41,0,No,SI,0.7538,1Cor
11,N,2Dia,2Dia,230,12.29,12.29,0.0,3.74,0.0,3.93,1.67,5.31,1.32,5.13,230,Si,SI,0.6192,1Cor - Pass
11,E,Pass,Pass,0,6.65,6.65,0.0,5.94,0.0,5.97,0.0,5.82,0.0,5.84,0,No,SI,0.9462,1Cor - Pass - 2Dia
11,S,2Cor,2Cor,250,11.45,11.45,0.94,4.06,3.18,5.62,0.0,4.4,0.78,4.61,250,No,SI,0.9794,1Cor - Pass - 2Dia - Pass
11,W,Pass,Pass,0,6.39,6.39,0.0,5.75,0.0,5.79,0.0,5.98,0.0,6.11,0,No,SI,0.9145,1Cor - Pass - 2Dia - Pass - 2Cor
11,N,2NT,4Tre,410,13.99,13.99,0.0,3.54,0.0,2.7,3.22,5.53,0.2,4.11,290,Si,NO,0.4497,1Cor - Pass - 2Dia - Pass - 2Cor - Pass
11,E,Pass,Pass,0,6.64,6.64,0.0,5.97,0.0,6.16,0.0,5.87,0.0,5.86,0,No,SI,0.9998,1Cor - Pass - 2Dia - Pass - 2Cor - Pass - 2NT
11,S,3NT,4Cor,450,10.85,10.85,0.78,3.94,3.25,5.63,0.0,4.28,0.68,4.52,390,No,NO,0.4452,1Cor - Pass - 2Dia - Pass - 2Cor - Pass - 2NT - Pass
11,W,Pass,Pass,0,5.96,5.96,0.0,5.24,0.0,5.44,0.0,5.53,0.0,5.66,0,No,SI,0.9983,1Cor - Pass - 2Dia - Pass - 2Cor - Pass - 2NT - Pass - 3NT
11,N,4NT,4NT,490,15.64,15.64,0.67,4.51,0.0,3.57,3.94,8.17,0.0,4.7,490,No,SI,0.9997,1Cor - Pass - 2Dia - Pass - 2Cor - Pass - 2NT - Pass - 3NT - Pass
11,E,Pass,Pass,0,6.19,6.19,0.0,5.5,0.0,5.8,0.0,5.57,0.0,5.54,0,No,SI,0.9999,1Cor - Pass - 2Dia - Pass - 2Cor - Pass - 2NT - Pass - 3NT - Pass - 4NT
11,S,Pass,Pass,0,11.32,11.32,1.01,4.03,2.98,5.42,0.04,4.34,0.84,4.54,0,No,SI,0.8234,1Cor - Pass - 2Dia - Pass - 2Cor - Pass - 2NT - Pass - 3NT - Pass - 4NT - Pass
11,W,Pass,Pass,0,6.89,6.89,0.0,5.21,0.0,5.61,0.0,5.78,0.0,5.82,0,No,SI,0.9963,1Cor - Pass - 2Dia - Pass - 2Cor - Pass - 2NT - Pass - 3NT - Pass - 4NT - Pass - Pass
12,W,3Dia,2Dia,230,8.89,8.89,0.0,3.21,0.0,3.36,2.33,7.41,2.45,6.35,330,No,NO,0.6016,
12,N,X,3NT,390,12.9,12.9,0.51,3.94,0.03,3.96,2.11,5.71,1.12,5.41,331,Si,NO,0.9972,3Dia
12,E,Pass,Pass,0,7.02,7.02,0.0,6.32,0.0,6.41,0.0,6.11,0.0,6.07,0,No,SI,0.9997,3Dia - X
12,S,4Cor,4Cor,450,11.12,11.12,1.45,4.29,1.45,4.15,0.96,4.69,1.09,4.42,450,No,SI,0.9545,3Dia - X - Pass
12,W,Pass,4NT,490,6.89,6.89,0.0,2.87,0.92,3.99,2.13,4.92,0.8,4.19,0,No,NO,0.5137,3Dia - X - Pass - 4Cor
12,N,Pass,4NT,490,11.66,11.66,0.6,3.34,0.49,3.6,1.73,4.58,0.72,4.35,0,Si,NO,0.7218,3Dia - X - Pass - 4Cor - Pass
12,E,Pass,Pass,0,6.63,6.63,0.0,5.82,0.0,6.0,0.0,5.9,0.0,5.89,0,No,SI,0.9999,3Dia - X - Pass - 4Cor - Pass - Pass
13,N,Pass,Pass,0,6.12,6.12,0.0,5.24,0.0,5.47,0.0,5.62,0.0,5.48,0,No,SI,0.9410,
13,E,1Pic,2Tre,210,21.0,21.0,1.6,6.28,1.38,6.36,0.89,6.47,0.25,6.44,170,No,NO,0.9788,Pass
13,S,2Tre,4Pic,470,12.79,12.79,2.32,4.67,0.0,3.56,0.0,4.11,1.6,5.14,210,No,NO,0.6747,Pass - 1Pic
13,W,3Pic,4Pic,470,7.7,7.7,2.85,4.98,0.0,2.4,0.0,2.6,0.0,3.16,370,No,NO,1.0000,Pass - 1Pic - 2Tre
13,N,5Tre,5Pic,570,12.53,12.53,0.0,3.32,0.0,2.79,2.61,4.79,0.76,3.96,510,No,NO,0.3876,Pass - 1Pic - 2Tre - 3Pic
13,E,5Pic,5Pic,570,7.56,7.56,2.24,4.06,0.0,2.52,0.51,2.98,0.0,2.98,570,No,SI,0.9999,Pass - 1Pic - 2Tre - 3Pic - 5Tre
13,S,6Tre,Pass,0,11.25,11.25,1.55,3.35,0.83,2.81,0.8,3.27,1.36,3.83,610,No,NO,0.9408,Pass - 1Pic - 2Tre - 3Pic - 5Tre - 5Pic
13,W,6Pic,6Dia,630,3.46,3.46,1.39,2.47,0.0,1.42,0.0,1.48,0.03,1.83,670,No,NO,0.4949,Pass - 1Pic - 2Tre - 3Pic - 5Tre - 5Pic - 6Tre
13,N,X,Pass,0,7.86,7.86,2.03,4.81,1.51,5.51,0.0,4.99,0.0,5.32,671,No,NO,0.9999,Pass - 1Pic - 2Tre - 3Pic - 5Tre - 5Pic - 6Tre - 6Pic
13,E,Pass,6Pic,670,6.72,6.72,2.23,3.92,0.0,2.29,0.15,2.55,0.0,2.8,0,No,NO,0.9976,Pass - 1Pic - 2Tre - 3Pic - 5Tre - 5Pic - 6Tre - 6Pic - X
13,S,Pass,Pass,0,13.73,13.73,1.67,4.27,1.09,3.64,0.99,4.32,1.19,4.34,0,No,SI,0.9809,Pass - 1Pic - 2Tre - 3Pic - 5Tre - 5Pic - 6Tre - 6Pic - X - Pass
13,W,Pass,6Pic,670,3.88,3.88,1.57,2.77,0.0,1.51,0.0,1.56,0.01,1.97,0,No,NO,0.9979,Pass - 1Pic - 2Tre - 3Pic - 5Tre - 5Pic - 6Tre - 6Pic - X - Pass - Pass
14,E,1Dia,1Dia,130,16.26,16.26,0.0,4.2,0.0,4.01,3.3,7.7,0.03,5.45,130,No,SI,0.9971,
14,S,Pass,Pass,0,6.06,6.06,0.0,5.81,0.0,5.99,0.0,5.92,0.0,5.86,0,No,SI,0.9685,1Dia
14,W,2Pic,2Pic,270,7.64,7.64,1.73,4.29,0.0,3.52,0.08,4.69,1.61,5.12,270,No,SI,0.7527,1Dia - Pass
14,N,3Tre,3Dia,330,12.45,12.45,0.0,3.35,0.0,2.94,2.59,4.94,1.1,4.36,310,No,NO,0.7423,1Dia - Pass - 2Pic
14,E,3Dia,3Dia,330,15.05,15.05,1.23,4.39,0.34,3.84,0.13,4.14,2.09,6.49,330,No,SI,0.9999,1Dia - Pass - 2Pic - 3Tre
14,S,4Tre,3Pic,370,1.69,1.69,0.82,1.52,0.0,1.03,0.0,0.94,0.05,1.27,410,No,NO,0.9098,1Dia - Pass - 2Pic - 3Tre - 3Dia
14,W,4Dia,Pass,0,6.46,6.46,0.0,3.69,0.0,4.0,0.85,4.86,0.57,4.79,430,No,NO,0.6474,1Dia - Pass - 2Pic - 3Tre - 3Dia - 4Tre
14,N,5Tre,Pass,0,8.84,8.84,0.0,2.58,0.0,2.68,1.49,3.83,0.79,3.49,510,No,NO,0.4600,1Dia - Pass - 2Pic - 3Tre - 3Dia - 4Tre - 4Dia
14,E,Pass,5Cor,550,14.49,14.49,1.85,4.56,1.21,4.1,0.58,4.42,1.61,5.53,0,No,NO,0.6095,1Dia - Pass - 2Pic - 3Tre - 3Dia - 4Tre - 4Dia - 5Tre
14,S,Pass,5Pic,570,1.8,1.8,0.7,1.39,0.0,1.06,0.15,1.13,0.11,1.32,0,No,NO,0.9951,1Dia - Pass - 2Pic - 3Tre - 3Dia - 4Tre - 4Dia - 5Tre - Pass
14,W,Pass,Pass,0,7.12,7.12,0.17,3.74,0.0,4.21,0.85,5.06,0.77,4.95,0,No,SI,0.9983,1Dia - Pass - 2Pic - 3Tre - 3Dia - 4Tre - 4Dia - 5Tre - Pass - Pass
15,S,Pass,Pass,0,6.07,6.07,0.0,5.1,0.0,5.43,0.0,5.46,0.0,5.38,0,No,SI,0.9309,
15,W,Pass,Pass,0,5.96,5.96,0.0,5.11,0.0,5.8,0.0,5.52,0.0,5.55,0,No,SI,0.6659,Pass
15,N,Pass,Pass,0,5.57,5.57,0.0,5.25,0.0,5.21,0.0,5.33,0.0,5.14,0,No,SI,0.9792,Pass - Pass
15,E,1NT,1NT,190,17.85,17.85,2.13,4.66,1.54,4.32,2.33,5.0,2.07,5.04,190,No,SI,0.9928,Pass - Pass - Pass
15,S,Pass,Pass,0,6.08,6.08,0.0,5.51,0.0,5.21,0.0,5.67,0.0,5.68,0,No,SI,0.9697,Pass - Pass - Pass - 1NT
15,W,3NT,2Dia,230,9.22,9.22,0.0,3.18,0.11,4.32,3.34,6.72,0.0,4.62,390,No,NO,0.9206,Pass - Pass - Pass - 1NT - Pass
15,N,Pass,Pass,0,6.11,6.11,0.0,5.75,0.0,5.4,0.0,5.67,0.0,5.57,0,No,SI,0.9941,Pass - Pass - Pass - 1NT - Pass - 3NT
15,E,Pass,3NT,390,16.44,16.44,1.99,4.2,1.47,3.92,2.17,4.51,2.07,4.66,0,No,NO,0.8813,Pass - Pass - Pass - 1NT - Pass - 3NT - Pass
15,S,Pass,Pass,0,6.03,6.03,0.0,5.66,0.0,5.47,0.0,5.91,0.0,5.79,0,No,SI,0.9979,Pass - Pass - Pass - 1NT - Pass - 3NT - Pass - Pass
16,W,1Pic,2Tre,210,15.0,15.0,1.49,5.09,1.83,5.33,0.81,5.27,0.88,5.25,170,No,NO,0.3870,
16,N,X,2Dia,230,6.79,6.79,2.07,3.7,0.0,2.06,0.25,2.46,0.0,2.6,171,No,NO,0.9950,1Pic
16,E,2Cor,Pass,0,6.99,6.99,0.0,5.85,0.0,6.03,0.0,5.92,0.0,5.87,250,Si,NO,0.9844,1Pic - X
16,S,X,2Cor,250,8.32,8.32,1.11,4.77,2.84,6.08,0.0,4.83,0.0,5.19,251,No,NO,0.9241,1Pic - X - 2Cor
16,W,Pass,3Cor,350,13.51,13.51,1.11,4.39,3.05,5.88,0.0,4.57,0.0,4.73,0,Si,NO,0.6192,1Pic - X - 2Cor - X
16,N,3Tre,4Dia,430,13.74,13.74,1.26,4.02,0.0,3.35,3.25,6.78,0.0,4.12,310,No,NO,0.9071,1Pic - X - 2Cor - X - Pass
16,E,Pass,Pass,0,7.32,7.32,0.0,5.46,0.0,5.58,0.0,5.54,0.0,5.62,0,No,SI,1.0000,1Pic - X - 2Cor - X - Pass - 3Tre
16,S,3Cor,4Cor,450,9.47,9.47,0.7,4.14,3.27,6.06,0.0,4.68,0.0,5.12,350,No,NO,0.9027,1Pic - X - 2Cor - X - Pass - 3Tre - Pass
16,W,3Pic,Pass,0,13.39,13.39,0.68,4.7,3.71,6.8,0.0,4.86,0.0,4.91,370,Si,NO,0.7482,1Pic - X - 2Cor - X - Pass - 3Tre - Pass - 3Cor
16,N,Pass,4NT,490,13.63,13.63,0.87,4.38,0.0,3.76,3.18,7.08,0.0,4.54,0,No,NO,0.9997,1Pic - X - 2Cor - X - Pass - 3Tre - Pass - 3Cor - 3Pic
16,E,Pass,Pass,0,7.08,7.08,0.0,4.47,0.0,5.22,0.0,5.47,0.62,5.61,0,No,SI,0.9745,1Pic - X - 2Cor - X - Pass - 3Tre - Pass - 3Cor - 3Pic - Pass
16,S,Pass,Pass,0,10.22,10.22,0.86,4.52,3.42,6.36,0.0,4.93,0.0,5.3,0,No,SI,0.9539,1Pic - X - 2Cor - X - Pass - 3Tre - Pass - 3Cor - 3Pic - Pass - Pass
17,N,Pass,Pass,0,6.12,6.12,0.0,5.24,0.0,5.47,0.0,5.62,0.0,5.48,0,No,SI,0.9410,
17,E,1NT,1NT,190,18.07,18.07,2.16,4.73,1.56,4.35,2.37,5.03,2.08,5.08,190,No,SI,0.9891,Pass
17,S,Pass,Pass,0,6.27,6.27,0.0,5.77,0.0,5.7,0.0,5.8,0.0,5.86,0,No,SI,0.9601,Pass - 1NT
17,W,2Cor,2Cor,250,13.86,13.86,2.11,5.51,1.76,5.16,0.07,4.89,0.57,4.97,250,Si,SI,0.9461,Pass - 1NT - Pass
17,N,Pass,Pass,0,6.38,6.38,0.34,5.92,0.0,5.34,0.0,5.74,0.0,5.61,0,No,SI,0.9515,Pass - 1NT - Pass - 2Cor
17,E,2Pic,2Cor,250,11.58,11.58,3.05,5.49,0.0,3.28,0.44,3.93,0.36,4.1,270,No,NO,1.0000,Pass - 1NT - Pass - 2Cor - Pass
17,S,Pass,Pass,0,6.99,6.99,0.0,5.82,0.0,6.02,0.0,5.77,0.0,5.65,0,No,SI,1.0000,Pass - 1NT - Pass - 2Cor - Pass - 2Pic
17,W,3Tre,4Dia,430,14.92,14.92,2.53,5.2,0.52,4.18,2.49,6.01,0.21,4.67,310,Si,NO,0.9907,Pass - 1NT - Pass - 2Cor - Pass - 2Pic - Pass
17,N,Pass,Pass,0,6.23,6.23,0.0,5.78,0.0,5.49,0.0,5.73,0.0,5.7,0,No,SI,0.9915,Pass - 1NT - Pass - 2Cor - Pass - 2Pic - Pass - 3Tre
17,E,3NT,Pass,0,15.84,15.84,1.89,4.64,1.82,4.8,1.19,4.78,1.59,5.21,390,No,NO,0.7908,Pass - 1NT - Pass - 2Cor - Pass - 2Pic - Pass - 3Tre - Pass
17,S,Pass,Pass,0,6.6,6.6,0.0,6.03,0.0,6.06,0.0,6.04,0.0,6.03,0,No,SI,0.9999,Pass - 1NT - Pass - 2Cor - Pass - 2Pic - Pass - 3Tre - Pass - 3NT
17,W,Pass,4Dia,430,14.41,14.41,2.27,5.02,0.51,4.17,2.46,5.89,0.2,4.6,0,Si,NO,0.9999,Pass - 1NT - Pass - 2Cor - Pass - 2Pic - Pass - 3Tre - Pass - 3NT - Pass
17,N,Pass,Pass,0,6.22,6.22,0.0,5.69,0.0,5.44,0.0,5.68,0.0,5.49,0,No,SI,0.9966,Pass - 1NT - Pass - 2Cor - Pass - 2Pic - Pass - 3Tre - Pass - 3NT - Pass - Pass
18,E,Pass,Pass,0,6.08,6.08,0.0,5.27,0.0,5.7,0.0,5.57,0.0,5.51,0,No,SI,0.9481,
18,S,Pass,Pass,0,5.45,5.45,0.0,5.19,0.0,5.59,0.0,5.54,0.0,5.47,0,No,SI,0.9552,Pass
18,W,1Tre,1Tre,110,15.66,15.66,0.0,3.78,0.0,3.68,0.99,5.14,1.34,6.74,110,No,SI,0.9900,Pass - Pass
18,N,1Dia,2Tre,210,10.72,10.72,0.25,3.36,0.0,3.29,1.33,4.38,1.19,4.48,130,No,NO,0.4652,Pass - Pass - 1Tre
18,E,1NT,4Cor,450,6.99,6.99,1.11,4.31,0.62,4.38,0.0,3.95,0.52,4.11,190,No,NO,0.8067,Pass - Pass - 1Tre - 1Dia
18,S,Pass,Pass,0,5.88,5.88,0.0,4.72,0.0,4.62,0.0,4.96,0.0,5.05,0,No,SI,0.9638,Pass - Pass - 1Tre - 1Dia - 1NT
18,W,2Cor,4NT,490,14.76,14.76,0.71,3.94,1.23,4.47,1.79,5.09,0.9,4.78,250,Si,NO,0.9032,Pass - Pass - 1Tre - 1Dia - 1NT - Pass
18,N,Pass,Pass,0,10.89,10.89,0.75,3.74,1.1,4.06,0.69,4.45,1.17,4.8,0,No,SI,0.9916,Pass - Pass - 1Tre - 1Dia - 1NT - Pass - 2Cor
18,E,2NT,Pass,0,9.15,9.15,1.25,4.77,1.73,5.29,0.0,4.64,0.76,4.72,290,No,NO,0.9651,Pass - Pass - 1Tre - 1Dia - 1NT - Pass - 2Cor - Pass
18,S,Pass,Pass,0,6.07,6.07,0.0,5.31,0.0,5.3,0.0,5.5,0.0,5.58,0,No,SI,0.9998,Pass - Pass - 1Tre - 1Dia - 1NT - Pass - 2Cor - Pass - 2NT
18,W,3Cor,4NT,490,9.52,9.52,1.53,3.19,0.26,2.83,1.82,4.07,0.01,3.02,350,No,NO,0.9998,Pass - Pass - 1Tre - 1Dia - 1NT - Pass - 2Cor - Pass - 2NT - Pass
18,N,Pass,Pass,0,10.92,10.92,1.12,4.03,2.04,4.77,0.15,4.33,1.1,4.82,0,No,SI,0.9965,Pass - Pass - 1Tre - 1Dia - 1NT - Pass - 2Cor - Pass - 2NT - Pass - 3Cor
18,E,4Cor,Pass,0,9.72,9.72,1.02,4.15,2.41,5.21,0.01,4.62,0.69,4.83,450,No,NO,0.7393,Pass - Pass - 1Tre - 1Dia - 1NT - Pass - 2Cor - Pass - 2NT - Pass - 3Cor - Pass
18,S,Pass,Pass,0,6.93,6.93,0.34,4.6,0.0,4.39,0.0,4.79,0.0,4.9,0,No,SI,0.9923,Pass - Pass - 1Tre - 1Dia - 1NT - Pass - 2Cor - Pass - 2NT - Pass - 3Cor - Pass - 4Cor
18,W,Pass,4NT,490,11.58,11.58,1.53,3.55,0.71,3.38,2.44,5.01,0.11,3.57,0,No,NO,0.9996,Pass - Pass - 1Tre - 1Dia - 1NT - Pass - 2Cor - Pass - 2NT - Pass - 3Cor - Pass - 4Cor - Pass
18,N,Pass,Pass,0,11.09,11.09,0.94,3.93,2.05,4.76,0.24,4.35,1.06,4.7,0,No,SI,0.9684,Pass - Pass - 1Tre - 1Dia - 1NT - Pass - 2Cor - Pass - 2NT - Pass - 3Cor - Pass - 4Cor - Pass - Pass
19,S,Pass,Pass,0,6.07,6.07,0.0,5.1,0.0,5.43,0.0,5.46,0.0,5.38,0,No,SI,0.9309,
19,W,1Pic,2Tre,210,15.75,15.75,1.55,5.22,2.11,5.58,0.73,5.35,0.85,5.38,170,No,NO,0.3972,Pass
19,N,2Pic,Pass,0,9.57,9.57,1.43,5.14,2.0,5.68,0.0,4.52,0.0,4.87,270,Si,NO,0.5551,Pass - 1Pic
19,E,3Cor,Pass,0,7.44,7.44,1.16,3.86,0.07,3.75,0.16,3.87,0.74,4.04,350,Si,NO,0.9173,Pass - 1Pic - 2Pic
19,S,4Tre,Pass,0,4.96,4.96,0.0,3.35,0.0,3.55,0.61,4.46,0.91,4.56,410,No,NO,0.4241,Pass - 1Pic - 2Pic - 3Cor
19,W,4Pic,4Tre,410,13.41,13.41,1.64,4.89,2.19,5.14,0.15,4.7,0.46,4.83,470,No,NO,0.4994,Pass - 1Pic - 2Pic - 3Cor - 4Tre
19,N,5Dia,4NT,490,16.09,16.09,0.55,4.17,0.0,3.78,2.37,5.17,0.97,4.7,530,No,NO,0.6753,Pass - 1Pic - 2Pic - 3Cor - 4Tre - 4Pic
19,E,Pass,Pass,0,5.65,5.65,1.36,3.38,0.0,3.12,0.0,3.32,0.18,3.33,0,Si,SI,0.9124,Pass - 1Pic - 2Pic - 3Cor - 4Tre - 4Pic - 5Dia
19,S,Pass,Pass,0,5.65,5.65,0.0,3.29,0.0,3.97,0.92,4.95,0.94,4.92,0,No,SI,0.7024,Pass - 1Pic - 2Pic - 3Cor - 4Tre - 4Pic - 5Dia - Pass
19,W,Pass,5Pic,570,15.12,15.12,2.34,5.9,1.67,5.35,0.3,5.38,0.38,5.35,0,No,NO,0.5576,Pass - 1Pic - 2Pic - 3Cor - 4Tre - 4Pic - 5Dia - Pass - Pass
20,W,Pass,Pass,0,6.57,6.57,0.0,4.95,0.0,5.58,0.0,5.38,0.0,5.34,0,No,SI,0.7898,
20,N,1NT,1Tre,110,13.43,13.43,2.51,5.05,0.99,4.05,0.85,4.48,0.51,4.39,190,No,NO,0.9999,Pass
20,E,2Dia,2NT,290,22.04,22.04,2.47,4.58,1.36,3.32,1.91,4.52,2.39,5.3,230,Si,NO,0.5737,Pass - 1NT
20,S,Pass,3Pic,370,6.58,6.58,2.37,3.92,0.09,3.21,0.0,3.41,0.0,3.57,0,No,NO,0.6549,Pass - 1NT - 2Dia
20,W,2Cor,4Tre,410,7.58,7.58,0.0,4.34,0.0,4.74,0.0,4.94,0.06,5.06,250,No,NO,0.5555,Pass - 1NT - 2Dia - Pass
20,N,Pass,4Cor,450,13.05,13.05,2.22,4.87,0.61,3.88,0.0,3.96,1.27,5.49,0,No,NO,0.7415,Pass - 1NT - 2Dia - Pass - 2Cor
20,E,2Pic,Pass,0,7.0,7.0,1.16,2.95,0.0,2.52,1.07,3.45,0.78,3.47,270,No,NO,0.4832,Pass - 1NT - 2Dia - Pass - 2Cor - Pass
20,S,Pass,Pass,0,5.86,5.86,1.02,3.34,1.73,4.11,0.0,3.48,0.0,3.73,0,No,SI,0.9257,Pass - 1NT - 2Dia - Pass - 2Cor - Pass - 2Pic
20,W,Pass,Pass,0,7.04,7.04,0.0,4.82,0.0,5.09,0.0,5.55,0.13,5.46,0,No,SI,0.9696,Pass - 1NT - 2Dia - Pass - 2Cor - Pass - 2Pic - Pass
20,N,Pass,4Cor,450,14.11,14.11,2.35,5.09,0.8,4.12,0.47,4.49,1.14,5.38,0,No,NO,0.9648,Pass - 1NT - 2Dia - Pass - 2Cor - Pass - 2Pic - Pass - Pass
21,N,1NT,1NT,190,15.46,15.46,1.89,4.44,1.52,4.27,1.87,4.68,1.91,4.87,190,No,SI,0.9738,
21,E,Pass,Pass,0,6.07,6.07,0.0,5.61,0.0,5.74,0.0,5.59,0.0,5.58,0,No,SI,0.9541,1NT
21,S,2Pic,1NT,190,9.78,9.78,0.59,4.27,0.12,4.49,1.04,5.3,1.18,5.27,270,Si,NO,0.9634,1NT - Pass
21,W,X,3Tre,310,11.21,11.21,1.28,4.52,0.7,4.04,1.49,5.01,1.31,4.71,271,No,NO,0.9657,1NT - Pass - 2Pic
21,N,Pass,Pass,0,12.76,12.76,1.69,3.81,1.13,3.57,1.43,3.82,1.78,4.43,0,No,SI,0.6257,1NT - Pass - 2Pic - X
21,E,Pass,Pass,0,6.36,6.36,0.0,5.22,0.0,6.27,0.0,5.72,0.0,5.28,0,No,SI,0.9991,1NT - Pass - 2Pic - X - Pass
21,S,5Tre,4Pic,470,12.04,12.04,1.52,3.95,0.7,3.68,1.35,4.26,1.25,4.16,510,No,NO,0.5115,1NT - Pass - 2Pic - X - Pass - Pass
21,W,Pass,Pass,0,9.22,9.22,1.63,4.36,1.47,4.32,0.0,4.07,0.79,4.37,0,No,SI,0.9997,1NT - Pass - 2Pic - X - Pass - Pass - 5Tre
21,N,Pass,Pass,0,16.72,16.72,1.9,4.25,2.09,4.38,1.63,4.52,2.01,4.79,0,No,SI,0.5889,1NT - Pass - 2Pic - X - Pass - Pass - 5Tre - Pass
21,E,Pass,Pass,0,5.53,5.53,0.0,4.47,0.0,5.64,0.0,5.45,0.0,5.08,0,No,SI,0.9999,1NT - Pass - 2Pic - X - Pass - Pass - 5Tre - Pass - Pass
22,E,1Dia,1Dia,130,16.89,16.89,0.0,4.38,0.0,4.17,3.44,8.0,0.0,5.56,130,No,SI,0.9986,
22,S,Pass,Pass,0,6.06,6.06,0.0,5.81,0.0,5.99,0.0,5.92,0.0,5.86,0,No,SI,0.9685,1Dia
22,W,2Tre,2Tre,210,13.71,13.71,0.0,3.56,0.0,3.65,2.18,5.18,0.51,4.67,210,Si,SI,0.4944,1Dia - Pass
22,N,Pass,Pass,0,6.25,6.25,0.0,5.52,0.0,5.8,0.0,5.6,0.0,5.56,0,No,SI,0.9243,1Dia - Pass - 2Tre
22,E,2Pic,2Tre,210,17.97,17.97,2.75,5.64,0.97,4.21,1.82,5.54,0.68,5.09,270,Si,NO,0.9999,1Dia - Pass - 2Tre - Pass
22,S,Pass,Pass,0,6.57,6.57,0.0,5.69,0.0,6.13,0.0,5.83,0.0,5.71,0,No,SI,0.9989,1Dia - Pass - 2Tre - Pass - 2Pic
22,W,4Tre,2Pic,270,4.55,4.55,1.52,2.61,0.0,1.51,0.18,1.8,0.0,1.95,410,Si,NO,0.9992,1Dia - Pass - 2Tre - Pass - 2Pic - Pass
22,N,Pass,Pass,0,6.27,6.27,0.0,5.62,0.0,5.7,0.0,5.59,0.0,5.65,0,No,SI,0.9964,1Dia - Pass - 2Tre - Pass - 2Pic - Pass - 4Tre
22,E,4Cor,4Tre,410,17.5,17.5,1.89,5.12,0.96,4.63,1.55,5.51,0.96,5.21,450,Si,NO,0.8512,1Dia - Pass - 2Tre - Pass - 2Pic - Pass - 4Tre - Pass
22,S,Pass,Pass,0,6.57,6.57,0.0,5.23,0.0,5.18,0.0,5.34,0.0,5.45,0,No,SI,0.9910,1Dia - Pass - 2Tre - Pass - 2Pic - Pass - 4Tre - Pass - 4Cor
22,W,4NT,4NT,490,15.28,15.28,0.0,3.39,0.0,3.41,2.69,5.28,0.19,4.49,490,Si,SI,0.8413,1Dia - Pass - 2Tre - Pass - 2Pic - Pass - 4Tre - Pass - 4Cor - Pass
22,N,Pass,Pass,0,5.96,5.96,0.0,5.36,0.0,5.68,0.0,5.52,0.0,5.53,0,No,SI,0.9998,1Dia - Pass - 2Tre - Pass - 2Pic - Pass - 4Tre - Pass - 4Cor - Pass - 4NT
22,E,5Cor,4NT,490,17.28,17.28,1.78,5.02,0.91,4.67,1.53,5.42,1.03,5.14,550,Si,NO,0.8074,1Dia - Pass - 2Tre - Pass - 2Pic - Pass - 4Tre - Pass - 4Cor - Pass - 4NT - Pass
22,S,Pass,Pass,0,5.87,5.87,0.0,5.06,0.0,5.19,0.0,5.32,0.0,5.38,0,No,SI,0.9994,1Dia - Pass - 2Tre - Pass - 2Pic - Pass - 4Tre - Pass - 4Cor - Pass - 4NT - Pass - 5Cor
22,W,6Tre,5Pic,570,11.13,11.13,1.55,3.51,0.53,3.03,1.45,3.87,0.16,3.43,610,No,NO,0.9005,1Dia - Pass - 2Tre - Pass - 2Pic - Pass - 4Tre - Pass - 4Cor - Pass - 4NT - Pass - 5Cor - Pass
22,N,Pass,Pass,0,5.17,5.17,0.61,4.23,0.0,4.41,0.0,4.01,0.25,4.14,0,No,SI,1.0000,1Dia - Pass - 2Tre - Pass - 2Pic - Pass - 4Tre - Pass - 4Cor - Pass - 4NT - Pass - 5Cor - Pass - 6Tre
22,E,Pass,6Pic,670,16.94,16.94,2.1,5.16,1.56,4.79,1.27,5.27,0.76,4.95,0,Si,NO,0.9997,1Dia - Pass - 2Tre - Pass - 2Pic - Pass - 4Tre - Pass - 4Cor - Pass - 4NT - Pass - 5Cor - Pass - 6Tre - Pass
22,S,Pass,Pass,0,6.45,6.45,0.0,5.82,0.0,5.96,0.0,6.08,0.0,6.03,0,No,SI,1.0000,1Dia - Pass - 2Tre - Pass - 2Pic - Pass - 4Tre - Pass - 4Cor - Pass - 4NT - Pass - 5Cor - Pass - 6Tre - Pass - Pass
23,S,Pass,Pass,0,6.07,6.07,0.0,5.1,0.0,5.43,0.0,5.46,0.0,5.38,0,No,SI,0.9309,
23,W,1Tre,1Tre,110,15.89,15.89,0.0,3.79,0.0,3.77,0.72,5.05,1.57,7.22,110,No,SI,0.9909,Pass
23,N,X,1Pic,170,13.79,13.79,0.0,4.0,0.0,2.87,3.63,6.99,0.0,4.19,111,No,NO,0.8866,Pass - 1Tre
23,E,1Pic,2Cor,250,6.59,6.59,0.85,3.14,1.25,3.54,0.28,3.55,0.85,3.84,170,Si,NO,0.3558,Pass - 1Tre - X
23,S,Pass,2Cor,250,4.81,4.81,1.82,3.36,0.0,1.82,0.0,1.86,0.0,2.27,0,No,NO,1.0000,Pass - 1Tre - X - 1Pic
23,W,1NT,2NT,290,11.58,11.58,1.12,3.66,1.43,4.05,0.72,3.89,1.43,4.0,190,No,NO,0.5433,Pass - 1Tre - X - 1Pic - Pass
23,N,Pass,Pass,0,13.13,13.13,2.44,5.27,1.46,4.55,0.08,4.43,0.58,4.86,0,No,SI,0.5303,Pass - 1Tre - X - 1Pic - Pass - 1NT
23,E,Pass,5Tre,510,6.99,6.99,0.57,3.68,2.25,5.22,0.0,4.56,0.35,4.71,0,Si,NO,0.4262,Pass - 1Tre - X - 1Pic - Pass - 1NT - Pass
23,S,2Cor,Pass,0,6.6,6.6,1.38,3.95,1.67,5.17,0.0,4.4,0.0,4.77,250,No,NO,0.8595,Pass - 1Tre - X - 1Pic - Pass - 1NT - Pass - Pass
23,W,Pass,Pass,0,10.81,10.81,1.29,4.69,0.15,4.46,0.39,4.51,0.9,4.73,0,No,SI,1.0000,Pass - 1Tre - X - 1Pic - Pass - 1NT - Pass - Pass - 2Cor
23,N,Pass,Pass,0,15.51,15.51,2.37,5.52,2.12,5.21,0.54,5.09,0.63,5.18,0,No,SI,0.9342,Pass - 1Tre - X - 1Pic - Pass - 1NT - Pass - Pass - 2Cor - Pass
23,E,Pass,Pass,0,7.92,7.92,0.88,4.82,2.36,5.8,0.0,4.82,0.0,4.99,0,Si,SI,0.9999,Pass - 1Tre - X - 1Pic - Pass - 1NT - Pass - Pass - 2Cor - Pass - Pass
24,W,1NT,1NT,190,15.33,15.33,1.79,4.12,1.39,3.92,2.03,4.5,1.74,4.52,190,No,SI,0.9539,
24,N,Pass,Pass,0,5.93,5.93,0.0,5.39,0.0,5.51,0.0,5.43,0.0,5.47,0,No,SI,0.8864,1NT
24,E,2Tre,1NT,190,11.9,11.9,0.91,3.58,2.6,4.79,0.34,3.91,0.81,3.95,210,Si,NO,0.9432,1NT - Pass
24,S,Pass,Pass,0,6.2,6.2,0.0,5.4,0.0,5.55,0.0,5.62,0.0,5.48,0,No,SI,0.9910,1NT - Pass - 2Tre
24,W,2Pic,4Pic,470,13.87,13.87,1.71,4.11,1.6,4.18,1.7,4.99,0.47,4.19,270,No,NO,0.6128,1NT - Pass - 2Tre - Pass
24,N,Pass,Pass,0,6.46,6.46,0.0,5.41,0.0,5.94,0.0,5.49,0.0,5.42,0,No,SI,1.0000,1NT - Pass - 2Tre - Pass - 2Pic
24,E,4Pic,4Pic,470,8.87,8.87,3.64,5.2,0.0,3.73,0.0,4.0,0.0,4.11,470,No,SI,0.8653,1NT - Pass - 2Tre - Pass - 2Pic - Pass
24,S,Pass,Pass,0,6.07,6.07,0.0,5.47,0.0,5.52,0.0,5.74,0.0,5.76,0,No,SI,0.9982,1NT - Pass - 2Tre - Pass - 2Pic - Pass - 4Pic
24,W,Pass,4Pic,470,15.84,15.84,0.82,4.29,2.94,5.92,0.64,5.07,0.0,4.85,0,No,NO,0.9964,1NT - Pass - 2Tre - Pass - 2Pic - Pass - 4Pic - Pass
24,N,Pass,Pass,0,6.56,6.56,0.0,5.7,0.0,5.87,0.0,5.7,0.0,5.62,0,No,SI,0.9999,1NT - Pass - 2Tre - Pass - 2Pic - Pass - 4Pic - Pass - Pass
25,N,Pass,Pass,0,6.12,6.12,0.0,5.24,0.0,5.47,0.0,5.62,0.0,5.48,0,No,SI,0.9410,
25,E,1Tre,1Tre,110,16.13,16.13,0.0,4.04,0.0,3.98,0.0,4.1,2.31,7.36,110,No,SI,0.9984,Pass
25,S,X,3NT,390,13.06,13.06,0.18,3.94,0.0,3.67,3.13,6.63,0.34,5.15,111,No,NO,0.6033,Pass - 1Tre
25,W,3Tre,3NT,390,4.27,4.27,1.78,3.03,0.0,1.55,0.0,1.56,0.0,2.03,310,No,NO,1.0000,Pass - 1Tre - X
25,N,Pass,Pass,0,4.53,4.53,0.66,3.1,0.0,2.55,0.0,2.76,0.05,2.83,0,No,SI,1.0000,Pass - 1Tre - X - 3Tre
25,E,Pass,6Pic,670,16.24,16.24,2.36,5.1,0.9,4.03,1.16,4.95,1.28,5.47,0,No,NO,0.6018,Pass - 1Tre - X - 3Tre - Pass
25,S,3NT,7NT,790,19.09,19.09,2.2,4.17,1.94,3.17,1.41,4.04,1.26,3.98,390,No,NO,0.7279,Pass - 1Tre - X - 3Tre - Pass - Pass
25,W,Pass,Pass,0,6.19,6.19,2.36,4.05,0.0,1.97,0.0,2.12,0.0,2.61,0,No,SI,1.0000,Pass - 1Tre - X - 3Tre - Pass - Pass - 3NT
25,N,Pass,Pass,0,6.05,6.05,0.62,5.0,0.0,4.51,0.0,5.2,0.0,5.02,0,No,SI,0.9999,Pass - 1Tre - X - 3Tre - Pass - Pass - 3NT - Pass
25,E,Pass,Pass,0,15.31,15.31,1.76,4.71,1.46,4.81,0.9,4.89,1.29,5.31,0,No,SI,0.9984,Pass - 1Tre - X - 3Tre - Pass - Pass - 3NT - Pass - Pass
26,E,Pass,Pass,0,6.08,6.08,0.0,5.27,0.0,5.7,0.0,5.57,0.0,5.51,0,No,SI,0.9481,
26,S,1Tre,1Tre,110,16.64,16.64,0.0,4.37,0.0,4.14,0.0,3.9,2.5,8.01,110,No,SI,0.9998,Pass
26,W,X,1Pic,170,4.62,4.62,1.94,3.27,0.0,1.59,0.0,1.56,0.0,2.09,111,No,NO,1.0000,Pass - 1Tre
26,N,1Dia,3Dia,330,6.95,6.95,0.0,2.86,0.5,3.39,0.65,3.96,2.55,4.98,130,Si,NO,0.3918,Pass - 1Tre - X
26,E,Pass,Pass,0,5.44,5.44,0.5,3.53,1.58,4.49,0.0,4.05,1.24,4.44,0,No,SI,0.4324,Pass - 1Tre - X - 1Dia
26,S,1Cor,4Cor,450,11.52,11.52,0.92,4.21,3.44,5.98,0.0,4.53,0.74,4.84,150,No,NO,0.4410,Pass - 1Tre - X - 1Dia - Pass
26,W,Pass,4Cor,450,7.99,7.99,2.85,4.95,0.0,2.39,0.0,2.67,0.0,3.15,0,No,NO,1.0000,Pass - 1Tre - X - 1Dia - Pass - 1Cor
26,N,1NT,4Pic,470,7.13,7.13,1.68,5.22,0.0,4.31,0.0,5.24,0.14,5.01,190,No,NO,0.7873,Pass - 1Tre - X - 1Dia - Pass - 1Cor - Pass
26,E,Pass,Pass,0,5.47,5.47,0.26,3.53,1.83,4.88,0.0,4.3,1.41,5.06,0,No,SI,0.9490,Pass - 1Tre - X - 1Dia - Pass - 1Cor - Pass - 1NT
26,S,Pass,Pass,0,11.78,11.78,1.03,4.13,3.24,5.71,0.01,4.46,0.88,4.68,0,No,SI,0.7709,Pass - 1Tre - X - 1Dia - Pass - 1Cor - Pass - 1NT - Pass
26,W,Pass,5Dia,530,6.59,6.59,2.46,4.22,0.0,2.05,0.0,2.22,0.0,2.7,0,No,NO,0.8978,Pass - 1Tre - X - 1Dia - Pass - 1Cor - Pass - 1NT - Pass - Pass
27,S,Pass,Pass,0,6.07,6.07,0.0,5.1,0.0,5.43,0.0,5.46,0.0,5.38,0,No,SI,0.9309,
27,W,1Cor,1Cor,150,16.4,16.4,0.0,4.39,5.76,8.79,0.0,5.42,0.0,5.39,150,No,SI,1.0000,Pass
27,N,Pass,Pass,0,5.59,5.59,0.0,4.86,0.0,5.05,0.0,5.05,0.0,5.05,0,No,SI,0.7218,Pass - 1Cor
27,E,2Tre,2Tre,210,16.58,16.58,0.0,4.25,0.0,3.64,2.38,5.37,0.57,5.04,210,Si,SI,0.9998,Pass - 1Cor - Pass
27,S,Pass,Pass,0,5.72,5.72,0.0,5.08,0.0,5.02,0.0,5.31,0.0,5.23,0,No,SI,0.9863,Pass - 1Cor - Pass - 2Tre
27,W,2Pic,2Tre,210,12.69,12.69,0.22,3.17,0.71,3.61,1.19,3.82,0.6,3.98,270,Si,NO,0.4936,Pass - 1Cor - Pass - 2Tre - Pass
27,N,Pass,Pass,0,6.52,6.52,0.0,5.49,0.0,6.08,0.0,5.6,0.0,5.51,0,No,SI,0.9888,Pass - 1Cor - Pass - 2Tre - Pass - 2Pic
27,E,3Cor,2NT,290,21.82,21.82,2.12,4.87,1.54,4.37,1.84,4.91,1.49,5.3,350,Si,NO,0.9823,Pass - 1Cor - Pass - 2Tre - Pass - 2Pic - Pass
27,S,Pass,Pass,0,6.07,6.07,0.0,5.5,0.0,5.32,0.0,5.75,0.0,5.79,0,No,SI,0.9937,Pass - 1Cor - Pass - 2Tre - Pass - 2Pic - Pass - 3Cor
27,W,4Tre,4Tre,410,12.86,12.86,0.61,3.54,0.99,3.97,1.26,4.27,0.62,4.2,410,Si,SI,0.6166,Pass - 1Cor - Pass - 2Tre - Pass - 2Pic - Pass - 3Cor - Pass
27,N,Pass,Pass,0,6.27,6.27,0.0,5.61,0.0,5.71,0.0,5.58,0.0,5.64,0,No,SI,0.9965,Pass - 1Cor - Pass - 2Tre - Pass - 2Pic - Pass - 3Cor - Pass - 4Tre
27,E,4Dia,4Cor,450,21.8,21.8,2.07,4.88,1.58,4.35,1.71,4.85,1.34,5.34,430,Si,NO,0.8117,Pass - 1Cor - Pass - 2Tre - Pass - 2Pic - Pass - 3Cor - Pass - 4Tre - Pass
27,S,Pass,Pass,0,5.99,5.99,0.0,5.0,0.0,5.01,0.0,5.22,0.0,5.28,0,No,SI,0.9819,Pass - 1Cor - Pass - 2Tre - Pass - 2Pic - Pass - 3Cor - Pass - 4Tre - Pass - 4Dia
27,W,4NT,4NT,490,13.21,13.21,0.66,3.59,1.46,4.29,1.08,4.27,0.66,4.34,490,Si,SI,0.4182,Pass - 1Cor - Pass - 2Tre - Pass - 2Pic - Pass - 3Cor - Pass - 4Tre - Pass - 4Dia - Pass
27,N,Pass,Pass,0,6.13,6.13,0.0,5.47,0.0,5.8,0.0,5.56,0.0,5.54,0,No,SI,1.0000,Pass - 1Cor - Pass - 2Tre - Pass - 2Pic - Pass - 3Cor - Pass - 4Tre - Pass - 4Dia - Pass - 4NT
27,E,5Pic,5Tre,510,21.62,21.62,1.97,4.79,1.63,4.16,1.7,4.73,1.25,5.15,570,Si,NO,0.5843,Pass - 1Cor - Pass - 2Tre - Pass - 2Pic - Pass - 3Cor - Pass - 4Tre - Pass - 4Dia - Pass - 4NT - Pass
27,S,Pass,Pass,0,4.64,4.64,0.0,4.13,0.0,4.37,0.0,4.51,0.0,4.63,0,No,SI,0.9992,Pass - 1Cor - Pass - 2Tre - Pass - 2Pic - Pass - 3Cor - Pass - 4Tre - Pass - 4Dia - Pass - 4NT - Pass - 5Pic
27,W,6Cor,5Pic,570,14.07,14.07,0.06,3.47,1.97,4.85,0.54,4.18,0.62,4.54,650,No,NO,0.3986,Pass - 1Cor - Pass - 2Tre - Pass - 2Pic - Pass - 3Cor - Pass - 4Tre - Pass - 4Dia - Pass - 4NT - Pass - 5Pic - Pass
27,N,Pass,Pass,0,5.01,5.01,0.0,4.72,0.0,5.43,0.0,5.19,0.0,5.17,0,No,SI,1.0000,Pass - 1Cor - Pass - 2Tre - Pass - 2Pic - Pass - 3Cor - Pass - 4Tre - Pass - 4Dia - Pass - 4NT - Pass - 5Pic - Pass - 6Cor
27,E,Pass,6Cor,650,20.11,20.11,2.14,4.79,1.66,4.06,1.61,4.67,1.0,4.73,0,Si,NO,0.9999,Pass - 1Cor - Pass - 2Tre - Pass - 2Pic - Pass - 3Cor - Pass - 4Tre - Pass - 4Dia - Pass - 4NT - Pass - 5Pic - Pass - 6Cor - Pass
27,S,Pass,Pass,0,5.52,5.52,0.0,5.14,0.0,5.58,0.0,5.64,0.0,5.59,0,No,SI,1.0000,Pass - 1Cor - Pass - 2Tre - Pass - 2Pic - Pass - 3Cor - Pass - 4Tre - Pass - 4Dia - Pass - 4NT - Pass - 5Pic - Pass - 6Cor - Pass - Pass
28,W,1Pic,1Pic,170,13.73,13.73,3.06,6.4,0.93,4.93,0.0,4.91,0.0,4.95,170,No,SI,0.9992,
28,N,Pass,Pass,0,6.15,6.15,0.0,5.36,0.0,5.44,0.0,5.43,0.0,5.5,0,No,SI,0.8427,1Pic
28,E,3NT,1NT,190,12.61,12.61,1.4,3.87,1.84,4.26,0.85,4.06,1.07,4.07,390,No,NO,0.6270,1Pic - Pass
28,S,Pass,Pass,0,6.41,6.41,0.0,5.85,0.0,5.85,0.0,5.89,0.0,5.93,0,No,SI,0.9986,1Pic - Pass - 3NT
28,W,4Pic,4Tre,410,14.37,14.37,2.97,6.04,1.08,4.74,0.26,4.93,0.22,4.89,470,No,NO,0.9015,1Pic - Pass - 3NT - Pass
28,N,Pass,Pass,0,6.19,6.19,0.0,5.55,0.0,5.79,0.0,5.59,0.0,5.58,0,No,SI,0.9998,1Pic - Pass - 3NT - Pass - 4Pic
28,E,Pass,Pass,0,12.27,12.27,1.92,4.78,1.06,4.65,0.52,4.67,0.66,4.67,0,No,SI,0.7857,1Pic - Pass - 3NT - Pass - 4Pic - Pass
28,S,Pass,Pass,0,6.78,6.78,0.0,5.97,0.0,5.96,0.0,5.98,0.0,5.85,0,No,SI,1.0000,1Pic - Pass - 3NT - Pass - 4Pic - Pass - Pass
29,N,Pass,Pass,0,6.12,6.12,0.0,5.24,0.0,5.47,0.0,5.62,0.0,5.48,0,No,SI,0.9410,
29,E,1Tre,1Tre,110,16.13,16.13,0.0,4.04,0.0,3.98,0.0,4.1,2.31,7.36,110,No,SI,0.9984,Pass
29,S,Pass,Pass,0,6.4,6.4,0.0,5.52,0.0,5.45,0.0,5.63,0.0,5.71,0,No,SI,0.8975,Pass - 1Tre
29,W,1Pic,1Pic,170,12.92,12.92,3.27,5.93,0.28,4.05,0.45,4.56,0.0,4.29,170,No,SI,1.0000,Pass - 1Tre - Pass
29,N,Pass,Pass,0,6.3,6.3,0.19,5.46,0.0,5.07,0.0,5.34,0.0,5.31,0,No,SI,0.9011,Pass - 1Tre - Pass - 1Pic
29,E,2Tre,1Pic,170,7.35,7.35,0.9,3.42,1.62,4.08,0.0,3.58,0.82,3.98,210,No,NO,0.8821,Pass - 1Tre - Pass - 1Pic - Pass
29,S,Pass,Pass,0,6.07,6.07,0.0,5.48,0.0,5.64,0.0,5.65,0.0,5.63,0,No,SI,0.9658,Pass - 1Tre - Pass - 1Pic - Pass - 2Tre
29,W,2Dia,2Cor,250,15.93,15.93,2.51,5.75,1.34,4.95,0.31,4.89,0.47,5.17,230,Si,NO,0.9781,Pass - 1Tre - Pass - 1Pic - Pass - 2Tre - Pass
29,N,Pass,Pass,0,5.92,5.92,0.01,5.58,0.0,5.27,0.0,5.45,0.0,5.39,0,No,SI,0.9343,Pass - 1Tre - Pass - 1Pic - Pass - 2Tre - Pass - 2Dia
29,E,2Cor,4Cor,450,12.39,12.39,1.27,5.1,3.41,6.35,0.0,5.09,0.09,5.27,250,Si,NO,0.7885,Pass - 1Tre - Pass - 1Pic - Pass - 2Tre - Pass - 2Dia - Pass
29,S,Pass,Pass,0,6.67,6.67,0.0,6.09,0.0,6.1,0.0,6.04,0.0,6.06,0,No,SI,0.9998,Pass - 1Tre - Pass - 1Pic - Pass - 2Tre - Pass - 2Dia - Pass - 2Cor
29,W,3NT,4Cor,450,13.03,13.03,2.75,6.34,1.57,5.45,0.0,4.96,0.45,5.23,390,No,NO,0.7395,Pass - 1Tre - Pass - 1Pic - Pass - 2Tre - Pass - 2Dia - Pass - 2Cor - Pass
29,N,Pass,Pass,0,5.89,5.89,0.0,5.55,0.0,5.31,0.0,5.46,0.0,5.42,0,No,SI,0.9805,Pass - 1Tre - Pass - 1Pic - Pass - 2Tre - Pass - 2Dia - Pass - 2Cor - Pass - 3NT
29,E,Pass,4Cor,450,12.37,12.37,1.38,5.27,3.37,6.38,0.0,5.2,0.03,5.43,0,Si,NO,0.9663,Pass - 1Tre - Pass - 1Pic - Pass - 2Tre - Pass - 2Dia - Pass - 2Cor - Pass - 3NT - Pass
29,S,Pass,Pass,0,6.65,6.65,0.0,6.08,0.0,6.12,0.0,6.27,0.0,6.22,0,No,SI,0.9998,Pass - 1Tre - Pass - 1Pic - Pass - 2Tre - Pass - 2Dia - Pass - 2Cor - Pass - 3NT - Pass - Pass
30,E,1NT,1NT,190,16.56,16.56,1.97,4.47,1.4,4.12,2.17,4.75,1.93,4.87,190,No,SI,0.9740,
30,S,Pass,Pass,0,5.93,5.93,0.0,5.55,0.0,5.6,0.0,5.67,0.0,5.71,0,No,SI,0.9526,1NT
30,W,2Pic,2Dia,230,8.25,8.25,0.0,2.87,0.0,3.03,2.07,4.92,0.65,3.95,270,Si,NO,0.9209,1NT - Pass
30,N,Pass,Pass,0,6.67,6.67,0.0,5.49,0.0,5.72,0.0,5.47,0.0,5.27,0,No,SI,0.9997,1NT - Pass - 2Pic
30,E,2NT,2NT,290,20.42,20.42,2.31,4.79,1.71,4.32,2.42,5.14,2.12,5.16,290,No,SI,0.9790,1NT - Pass - 2Pic - Pass
30,S,Pass,Pass,0,6.7,6.7,0.0,6.17,0.0,6.13,0.0,6.14,0.0,6.12,0,No,SI,0.9999,1NT - Pass - 2Pic - Pass - 2NT
30,W,3Cor,2NT,290,12.9,12.9,1.47,4.08,1.49,4.28,1.13,4.36,1.3,4.33,350,Si,NO,0.5625,1NT - Pass - 2Pic - Pass - 2NT - Pass
30,N,Pass,Pass,0,6.38,6.38,0.0,5.71,0.0,5.8,0.0,5.62,0.0,5.68,0,No,SI,0.9984,1NT - Pass - 2Pic - Pass - 2NT - Pass - 3Cor
30,E,3NT,3NT,390,19.96,19.96,2.22,4.4,1.67,3.88,2.29,4.71,2.1,4.81,390,No,SI,0.5249,1NT - Pass - 2Pic - Pass - 2NT - Pass - 3Cor - Pass
30,S,Pass,Pass,0,6.2,6.2,0.0,5.67,0.0,5.75,0.0,5.78,0.0,5.84,0,No,SI,0.9979,1NT - Pass - 2Pic - Pass - 2NT - Pass - 3Cor - Pass - 3NT
30,W,Pass,Pass,0,12.35,12.35,1.48,4.22,1.29,4.27,1.19,4.49,1.25,4.45,0,No,SI,0.6761,1NT - Pass - 2Pic - Pass - 2NT - Pass - 3Cor - Pass - 3NT - Pass
30,N,Pass,Pass,0,6.69,6.69,0.0,5.81,0.0,5.95,0.0,5.89,0.0,5.9,0,No,SI,0.9823,1NT - Pass - 2Pic - Pass - 2NT - Pass - 3Cor - Pass - 3NT - Pass - Pass
31,S,1Dia,1Dia,130,16.71,16.71,0.0,4.59,0.0,4.37,3.08,7.53,0.33,5.62,130,No,SI,0.9966,
31,W,2Pic,3Pic,370,7.34,7.34,3.75,5.15,0.0,3.46,0.0,4.19,0.0,4.09,270,No,NO,0.4683,1Dia
31,N,3NT,4Cor,450,9.37,9.37,2.05,4.55,0.67,3.57,0.54,3.86,0.49,3.79,390,No,NO,1.0000,1Dia - 2Pic
31,E,Pass,Pass,0,6.21,6.21,0.0,5.6,0.0,5.73,0.0,5.58,0.0,5.58,0,No,SI,0.9986,1Dia - 2Pic - 3NT
31,S,Pass,Pass,0,10.91,10.91,1.12,3.83,1.82,4.33,0.55,4.03,0.86,4.2,0,No,SI,0.9345,1Dia - 2Pic - 3NT - Pass
31,W,Pass,Pass,0,7.62,7.62,1.7,3.65,0.18,3.31,0.11,3.54,0.0,3.65,0,No,SI,0.4655,1Dia - 2Pic - 3NT - Pass - Pass
32,W,1Dia,1Dia,130,15.89,15.89,0.0,4.08,0.0,4.01,4.34,9.11,0.0,5.1,130,No,SI,1.0000,
32,N,1Cor,2Tre,210,10.51,10.51,1.56,4.43,0.87,4.45,0.21,4.55,0.75,4.82,150,No,NO,0.3064,1Dia
32,E,2Dia,3Tre,310,5.32,5.32,0.4,3.0,0.0,3.31,0.0,4.16,3.13,5.15,230,No,NO,0.3652,1Dia - 1Cor
32,S,Pass,Pass,0,6.09,6.09,1.23,4.86,0.0,3.86,0.0,5.0,0.07,4.87,0,No,SI,0.6640,1Dia - 1Cor - 2Dia
32,W,Pass,4Tre,410,10.21,10.21,0.0,2.88,0.0,2.65,1.52,4.18,1.65,3.86,0,No,NO,0.3301,1Dia - 1Cor - 2Dia - Pass
32,N,Pass,Pass,0,9.3,9.3,1.11,3.45,1.8,4.01,0.17,3.59,0.51,3.88,0,No,SI,0.7051,1Dia - 1Cor - 2Dia - Pass - Pass
33,N,Pass,Pass,0,6.12,6.12,0.0,5.24,0.0,5.47,0.0,5.62,0.0,5.48,0,No,SI,0.9410,
33,E,Pass,Pass,0,5.66,5.66,0.0,5.37,0.0,5.88,0.0,5.73,0.0,5.62,0,No,SI,0.9605,Pass
33,S,2Tre,2Tre,210,23.01,23.01,1.43,6.65,1.42,6.93,0.83,7.0,0.0,6.99,210,Si,SI,0.9942,Pass - Pass
33,W,Pass,Pass,0,7.27,7.27,0.0,4.73,0.0,5.11,0.0,5.3,0.0,4.74,0,No,SI,0.8307,Pass - Pass - 2Tre
33,N,2Pic,2Tre,210,7.3,7.3,0.57,3.53,1.86,4.68,0.0,4.2,1.3,4.78,270,Si,NO,0.5646,Pass - Pass - 2Tre - Pass
33,E,Pass,Pass,0,6.52,6.52,0.0,5.59,0.0,5.86,0.0,5.74,0.0,5.56,0,No,SI,0.9998,Pass - Pass - 2Tre - Pass - 2Pic
33,S,3Tre,2Pic,270,22.47,22.47,2.02,6.21,0.4,5.45,0.9,5.85,0.18,6.03,310,Si,NO,0.7400,Pass - Pass - 2Tre - Pass - 2Pic - Pass
33,W,Pass,Pass,0,6.56,6.56,0.0,5.68,0.0,5.7,0.0,5.95,0.0,6.08,0,No,SI,0.9887,Pass - Pass - 2Tre - Pass - 2Pic - Pass - 3Tre
33,N,4Tre,5Cor,550,7.77,7.77,0.78,3.97,2.41,5.32,0.0,4.25,0.21,4.64,410,Si,NO,0.6010,Pass - Pass - 2Tre - Pass - 2Pic - Pass - 3Tre - Pass
33,E,Pass,Pass,0,6.24,6.24,0.0,5.84,0.0,5.88,0.0,5.97,0.0,5.95,0,No,SI,1.0000,Pass - Pass - 2Tre - Pass - 2Pic - Pass - 3Tre - Pass - 4Tre
33,S,4Dia,5Cor,550,23.41,23.41,2.34,6.41,0.75,5.64,0.86,5.93,0.23,6.19,430,Si,NO,0.5256,Pass - Pass - 2Tre - Pass - 2Pic - Pass - 3Tre - Pass - 4Tre - Pass
33,W,Pass,Pass,0,6.16,6.16,0.0,5.56,0.0,5.69,0.0,5.84,0.0,5.94,0,No,SI,0.9999,Pass - Pass - 2Tre - Pass - 2Pic - Pass - 3Tre - Pass - 4Tre - Pass - 4Dia
33,N,4Pic,Pass,0,8.74,8.74,0.99,4.2,2.27,5.19,0.0,4.41,0.37,4.78,470,Si,NO,0.6632,Pass - Pass - 2Tre - Pass - 2Pic - Pass - 3Tre - Pass - 4Tre - Pass - 4Dia - Pass
33,E,Pass,Pass,0,5.71,5.71,0.0,5.29,0.0,5.54,0.0,5.5,0.0,5.48,0,No,SI,0.9999,Pass - Pass - 2Tre - Pass - 2Pic - Pass - 3Tre - Pass - 4Tre - Pass - 4Dia - Pass - 4Pic
33,S,4NT,5Cor,550,21.63,21.63,2.29,5.94,1.42,5.61,0.76,5.7,0.35,5.98,490,Si,NO,0.8324,Pass - Pass - 2Tre - Pass - 2Pic - Pass - 3Tre - Pass - 4Tre - Pass - 4Dia - Pass - 4Pic - Pass
33,W,Pass,Pass,0,6.57,6.57,0.0,5.48,0.0,5.6,0.0,5.6,0.0,5.41,0,No,SI,1.0000,Pass - Pass - 2Tre - Pass - 2Pic - Pass - 3Tre - Pass - 4Tre - Pass - 4Dia - Pass - 4Pic - Pass - 4NT
33,N,5Tre,5Cor,550,7.65,7.65,0.67,3.84,2.61,5.38,0.0,4.34,0.28,4.73,510,Si,NO,0.7292,Pass - Pass - 2Tre - Pass - 2Pic - Pass - 3Tre - Pass - 4Tre - Pass - 4Dia - Pass - 4Pic - Pass - 4NT - Pass
33,E,Pass,Pass,0,6.08,6.08,0.0,5.56,0.0,6.51,0.0,6.17,0.0,5.85,0,No,SI,1.0000,Pass - Pass - 2Tre - Pass - 2Pic - Pass - 3Tre - Pass - 4Tre - Pass - 4Dia - Pass - 4Pic - Pass - 4NT - Pass - 5Tre
33,S,5NT,6Pic,670,22.55,22.55,1.99,6.04,0.94,5.56,0.86,5.77,0.22,6.03,590,Si,NO,0.6089,Pass - Pass - 2Tre - Pass - 2Pic - Pass - 3Tre - Pass - 4Tre - Pass - 4Dia - Pass - 4Pic - Pass - 4NT - Pass - 5Tre - Pass
33,W,Pass,Pass,0,5.53,5.53,0.0,5.32,0.0,5.58,0.0,5.6,0.0,5.68,0,No,SI,1.0000,Pass - Pass - 2Tre - Pass - 2Pic - Pass - 3Tre - Pass - 4Tre - Pass - 4Dia - Pass - 4Pic - Pass - 4NT - Pass - 5Tre - Pass - 5NT
33,N,6Pic,Pass,0,7.58,7.58,0.42,3.93,3.29,6.29,0.0,4.65,0.0,4.92,670,Si,NO,1.0000,Pass - Pass - 2Tre - Pass - 2Pic - Pass - 3Tre - Pass - 4Tre - Pass - 4Dia - Pass - 4Pic - Pass - 4NT - Pass - 5Tre - Pass - 5NT - Pass
33,E,Pass,Pass,0,5.66,5.66,0.0,5.38,0.0,5.46,0.0,5.55,0.0,5.58,0,No,SI,1.0000,Pass - Pass - 2Tre - Pass - 2Pic - Pass - 3Tre - Pass - 4Tre - Pass - 4Dia - Pass - 4Pic - Pass - 4NT - Pass - 5Tre - Pass - 5NT - Pass - 6Pic
33,S,7Tre,6Pic,670,22.79,22.79,2.17,6.15,1.65,6.0,0.75,5.99,0.28,6.27,710,No,NO,0.8788,Pass - Pass - 2Tre - Pass - 2Pic - Pass - 3Tre - Pass - 4Tre - Pass - 4Dia - Pass - 4Pic - Pass - 4NT - Pass - 5Tre - Pass - 5NT - Pass - 6Pic - Pass
33,W,Pass,Pass,0,5.79,5.79,0.0,5.3,0.0,5.53,0.0,5.58,0.0,5.66,0,No,SI,1.0000,Pass - Pass - 2Tre - Pass - 2Pic - Pass - 3Tre - Pass - 4Tre - Pass - 4Dia - Pass - 4Pic - Pass - 4NT - Pass - 5Tre - Pass - 5NT - Pass - 6Pic - Pass - 7Tre
33,N,Pass,Pass,0,8.11,8.11,0.67,4.06,2.77,5.55,0.0,4.39,0.11,4.67,0,Si,SI,1.0000,Pass - Pass - 2Tre - Pass - 2Pic - Pass - 3Tre - Pass - 4Tre - Pass - 4Dia - Pass - 4Pic - Pass - 4NT - Pass - 5Tre - Pass - 5NT - Pass - 6Pic - Pass - 7Tre - Pass
33,E,Pass,Pass,0,6.26,6.26,0.0,5.58,0.0,5.68,0.0,5.83,0.0,5.88,0,No,SI,1.0000,Pass - Pass - 2Tre - Pass - 2Pic - Pass - 3Tre - Pass - 4Tre - Pass - 4Dia - Pass - 4Pic - Pass - 4NT - Pass - 5Tre - Pass - 5NT - Pass - 6Pic - Pass - 7Tre - Pass - Pass
34,E,1Pic,1Cor,150,14.91,14.91,3.27,6.12,0.79,4.5,0.0,4.56,0.0,4.7,170,No,NO,0.5799,
34,S,Pass,Pass,0,6.18,6.18,0.0,5.5,0.0,5.52,0.0,5.63,0.0,5.7,0,No,SI,0.9272,1Pic
34,W,2NT,1Pic,170,12.75,12.75,3.18,5.81,0.15,3.66,0.4,4.17,0.0,4.14,290,Si,NO,1.0000,1Pic - Pass
34,N,3Dia,3Dia,330,8.19,8.19,0.18,3.39,0.0,3.25,1.69,4.41,1.74,4.4,330,No,SI,0.9402,1Pic - Pass - 2NT
34,E,4Pic,4Cor,450,9.81,9.81,1.48,4.46,2.04,4.91,0.0,3.99,0.0,4.09,470,No,NO,0.6494,1Pic - Pass - 2NT - 3Dia
34,S,Pass,Pass,0,5.9,5.9,0.0,4.84,0.0,5.38,0.0,5.48,0.0,5.54,0,No,SI,0.9887,1Pic - Pass - 2NT - 3Dia - 4Pic
34,W,Pass,5Pic,570,16.54,16.54,3.24,6.47,1.0,4.85,0.42,5.12,0.23,5.19,0,Si,NO,0.9061,1Pic - Pass - 2NT - 3Dia - 4Pic - Pass
34,N,Pass,Pass,0,6.83,6.83,0.41,3.13,1.05,3.61,0.25,3.68,1.54,4.22,0,No,SI,0.9989,1Pic - Pass - 2NT - 3Dia - 4Pic - Pass - Pass
35,S,Pass,Pass,0,6.07,6.07,0.0,5.1,0.0,5.43,0.0,5.46,0.0,5.38,0,No,SI,0.9309,
35,W,1Cor,1Cor,150,16.4,16.4,0.0,4.39,5.76,8.79,0.0,5.42,0.0,5.39,150,No,SI,1.0000,Pass
35,N,2Dia,1Pic,170,10.93,10.93,0.0,3.83,0.0,3.68,0.23,4.41,3.29,6.54,230,No,NO,0.8761,Pass - 1Cor
35,E,Pass,Pass,0,6.08,6.08,0.0,5.51,0.0,5.53,0.0,5.63,0.0,5.69,0,No,SI,0.9235,Pass - 1Cor - 2Dia
35,S,2Pic,2Pic,270,6.29,6.29,0.0,4.12,0.0,4.16,0.18,4.92,0.39,4.93,270,No,SI,0.7610,Pass - 1Cor - 2Dia - Pass
35,W,Pass,3Cor,350,15.74,15.74,0.0,4.52,5.37,8.35,0.0,5.31,0.0,5.35,0,No,NO,0.9991,Pass - 1Cor - 2Dia - Pass - 2Pic
35,N,Pass,5Tre,510,11.58,11.58,0.86,4.27,0.44,3.89,1.03,4.85,2.06,5.39,0,No,NO,0.4559,Pass - 1Cor - 2Dia - Pass - 2Pic - Pass
35,E,Pass,Pass,0,6.48,6.48,0.0,5.5,0.0,5.58,0.0,5.77,0.0,5.82,0,No,SI,0.9997,Pass - 1Cor - 2Dia - Pass - 2Pic - Pass - Pass
36,W,Pass,Pass,0,6.57,6.57,0.0,4.95,0.0,5.58,0.0,5.38,0.0,5.34,0,No,SI,0.7898,
36,N,1Dia,1Dia,130,16.35,16.35,0.0,4.44,0.0,3.97,3.4,7.88,0.0,5.31,130,No,SI,0.9996,Pass
36,E,2Tre,2Tre,210,10.31,10.31,1.42,4.22,1.57,4.53,0.04,4.2,0.74,4.69,210,No,SI,0.4293,Pass - 1Dia
36,S,X,3Cor,350,14.78,14.78,1.34,4.28,2.12,4.8,1.5,5.09,0.55,4.61,211,No,NO,0.5240,Pass - 1Dia - 2Tre
36,W,2Cor,3NT,390,2.95,2.95,1.25,2.16,0.0,1.24,0.0,1.23,0.0,1.6,250,Si,NO,0.9954,Pass - 1Dia - 2Tre - X
36,N,Pass,Pass,0,10.18,10.18,0.67,3.51,1.11,3.89,0.64,4.12,1.09,4.38,0,No,SI,0.9386,Pass - 1Dia - 2Tre - X - 2Cor
36,E,3Tre,4Tre,410,10.78,10.78,0.41,3.84,0.45,3.7,1.21,4.32,0.7,4.17,310,No,NO,0.8990,Pass - 1Dia - 2Tre - X - 2Cor - Pass
36,S,Pass,4Pic,470,13.27,13.27,0.82,4.16,3.15,5.87,0.07,4.6,0.0,4.7,0,No,NO,0.7677,Pass - 1Dia - 2Tre - X - 2Cor - Pass - 3Tre
36,W,Pass,5Dia,530,3.69,3.69,1.34,2.35,0.0,1.37,0.07,1.54,0.0,1.78,0,No,NO,1.0000,Pass - 1Dia - 2Tre - X - 2Cor - Pass - 3Tre - Pass
36,N,3Dia,Pass,0,11.39,11.39,0.89,3.86,1.68,4.49,0.51,4.38,1.32,4.72,330,No,NO,0.9954,Pass - 1Dia - 2Tre - X - 2Cor - Pass - 3Tre - Pass - Pass
36,E,Pass,Pass,0,10.26,10.26,0.75,3.67,1.53,4.21,0.49,4.15,0.61,4.39,0,No,SI,0.9882,Pass - 1Dia - 2Tre - X - 2Cor - Pass - 3Tre - Pass - Pass - 3Dia
36,S,Pass,Pass,0,16.11,16.11,0.79,4.64,3.39,6.54,0.54,5.45,0.0,5.24,0,No,SI,0.9668,Pass - 1Dia - 2Tre - X - 2Cor - Pass - 3Tre - Pass - Pass - 3Dia - Pass
36,W,Pass,5Dia,530,3.16,3.16,1.23,2.16,0.0,1.28,0.03,1.37,0.0,1.65,0,No,NO,1.0000,Pass - 1Dia - 2Tre - X - 2Cor - Pass - 3Tre - Pass - Pass - 3Dia - Pass - Pass
37,N,1Cor,1Cor,150,15.51,15.51,0.13,4.69,5.09,8.28,0.0,5.4,0.0,5.33,150,No,SI,0.9996,
37,E,Pass,Pass,0,5.74,5.74,0.0,5.26,0.0,5.64,0.0,5.45,0.0,5.38,0,No,SI,0.9329,1Cor
37,S,1Pic,1Pic,170,12.95,12.95,2.8,5.09,0.0,3.6,1.65,4.92,0.0,4.04,170,Si,SI,1.0000,1Cor - Pass
37,W,X,1Pic,170,7.34,7.34,2.25,4.02,0.0,2.25,0.28,2.66,0.0,2.8,171,Si,NO,1.0000,1Cor - Pass - 1Pic
37,N,XX,2Pic,270,16.25,16.25,1.77,5.35,2.61,6.3,0.0,5.09,0.43,5.72,172,Si,NO,0.9774,1Cor - Pass - 1Pic - X
37,E,2Dia,4Tre,410,9.33,9.33,0.0,3.02,0.0,3.13,0.84,3.77,0.0,3.7,230,No,NO,0.7995,1Cor - Pass - 1Pic - X - XX
37,S,3Pic,4Tre,410,3.34,3.34,1.47,2.51,0.0,1.33,0.0,1.27,0.0,1.73,370,No,NO,0.8112,1Cor - Pass - 1Pic - X - XX - 2Dia
37,W,4Dia,4Dia,430,9.67,9.67,1.16,4.16,1.06,4.34,1.41,5.38,0.69,4.38,430,No,SI,1.0000,1Cor - Pass - 1Pic - X - XX - 2Dia - 3Pic
37,N,Pass,Pass,0,10.28,10.28,0.9,4.12,3.11,5.75,0.0,4.33,0.71,4.61,0,No,SI,0.5203,1Cor - Pass - 1Pic - X - XX - 2Dia - 3Pic - 4Dia
37,E,Pass,5Pic,570,12.69,12.69,0.0,3.88,0.0,3.96,0.99,4.6,0.15,4.61,0,No,NO,0.9375,1Cor - Pass - 1Pic - X - XX - 2Dia - 3Pic - 4Dia - Pass
37,S,Pass,6Dia,630,3.64,3.64,1.38,2.4,0.0,1.38,0.02,1.5,0.0,1.79,0,No,NO,1.0000,1Cor - Pass - 1Pic - X - XX - 2Dia - 3Pic - 4Dia - Pass - Pass
38,E,1Tre,1Tre,110,16.09,16.09,0.0,4.07,0.0,4.03,0.1,4.24,2.2,7.14,110,No,SI,0.9965,
38,S,Pass,Pass,0,6.23,6.23,0.0,5.34,0.0,5.31,0.0,5.49,0.0,5.55,0,No,SI,0.8944,1Tre
38,W,2Tre,2Tre,210,13.76,13.76,0.0,3.56,0.0,3.64,2.2,5.19,0.48,4.65,210,Si,SI,0.5265,1Tre - Pass
38,N,Pass,Pass,0,6.11,6.11,0.0,5.38,0.0,5.67,0.0,5.52,0.0,5.49,0,No,SI,0.8926,1Tre - Pass - 2Tre
38,E,2Cor,3Tre,310,15.2,15.2,0.64,4.48,3.65,6.84,0.09,5.18,0.36,5.08,250,Si,NO,0.3688,1Tre - Pass - 2Tre - Pass
38,S,Pass,Pass,0,6.52,6.52,0.0,5.95,0.0,5.94,0.0,5.98,0.0,6.05,0,No,SI,0.9988,1Tre - Pass - 2Tre - Pass - 2Cor
38,W,3Dia,3Dia,330,9.47,9.47,2.28,4.45,0.0,2.9,0.94,3.69,0.15,3.44,330,Si,SI,1.0000,1Tre - Pass - 2Tre - Pass - 2Cor - Pass
38,N,Pass,Pass,0,5.88,5.88,0.0,5.33,0.0,5.47,0.0,5.35,0.0,5.41,0,No,SI,0.9910,1Tre - Pass - 2Tre - Pass - 2Cor - Pass - 3Dia
38,E,3NT,Pass,0,13.01,13.01,1.76,4.05,1.72,4.14,1.52,4.3,1.7,4.33,390,No,NO,0.3613,1Tre - Pass - 2Tre - Pass - 2Cor - Pass - 3Dia - Pass
38,S,Pass,Pass,0,6.22,6.22,0.0,5.75,0.0,5.8,0.0,5.82,0.0,5.88,0,No,SI,0.9984,1Tre - Pass - 2Tre - Pass - 2Cor - Pass - 3Dia - Pass - 3NT
38,W,Pass,3NT,390,12.92,12.92,0.0,3.29,0.0,3.7,3.53,6.96,0.06,4.97,0,Si,NO,0.8833,1Tre - Pass - 2Tre - Pass - 2Cor - Pass - 3Dia - Pass - 3NT - Pass
38,N,Pass,Pass,0,6.66,6.66,0.0,5.79,0.0,5.92,0.0,5.87,0.0,5.89,0,No,SI,0.9826,1Tre - Pass - 2Tre - Pass - 2Cor - Pass - 3Dia - Pass - 3NT - Pass - Pass
39,S,Pass,Pass,0,6.07,6.07,0.0,5.1,0.0,5.43,0.0,5.46,0.0,5.38,0,No,SI,0.9309,
39,W,Pass,Pass,0,5.96,5.96,0.0,5.11,0.0,5.8,0.0,5.52,0.0,5.55,0,No,SI,0.6659,Pass
39,N,Pass,Pass,0,5.57,5.57,0.0,5.25,0.0,5.21,0.0,5.33,0.0,5.14,0,No,SI,0.9792,Pass - Pass
39,E,1Dia,1Dia,130,17.6,17.6,0.07,4.71,0.0,4.34,3.09,7.58,0.14,5.58,130,No,SI,0.9980,Pass - Pass - Pass
39,S,1Pic,1Pic,170,1.74,1.74,0.1,1.37,0.0,1.2,0.0,1.38,0.0,1.44,170,No,SI,1.0000,Pass - Pass - Pass - 1Dia
39,W,X,2Cor,250,7.1,7.1,0.84,3.87,2.26,4.91,0.0,4.08,0.46,4.36,171,No,NO,0.9280,Pass - Pass - Pass - 1Dia - 1Pic
39,N,Pass,Pass,0,6.75,6.75,0.0,5.31,0.0,5.24,0.0,5.29,0.0,5.38,0,No,SI,0.9084,Pass - Pass - Pass - 1Dia - 1Pic - X
39,E,3Cor,3Cor,350,14.47,14.47,0.2,3.82,3.65,6.5,0.18,4.88,0.0,4.69,350,No,SI,0.8975,Pass - Pass - Pass - 1Dia - 1Pic - X - Pass
39,S,Pass,3NT,390,3.16,3.16,0.92,2.07,0.0,1.51,0.21,1.67,0.19,1.84,0,No,NO,1.0000,Pass - Pass - Pass - 1Dia - 1Pic - X - Pass - 3Cor
39,W,4Cor,4Dia,430,5.49,5.49,0.87,2.04,0.38,2.11,1.1,2.67,0.08,2.14,450,No,NO,0.8397,Pass - Pass - Pass - 1Dia - 1Pic - X - Pass - 3Cor - Pass
39,N,Pass,Pass,0,6.77,6.77,0.17,4.54,0.0,4.49,0.0,4.77,0.0,4.87,0,No,SI,0.9519,Pass - Pass - Pass - 1Dia - 1Pic - X - Pass - 3Cor - Pass - 4Cor
39,E,Pass,4Pic,470,13.67,13.67,0.47,3.77,3.23,5.93,0.32,4.64,0.21,4.5,0,No,NO,0.6661,Pass - Pass - Pass - 1Dia - 1Pic - X - Pass - 3Cor - Pass - 4Cor - Pass
39,S,Pass,Pass,0,7.12,7.12,0.0,5.05,0.0,5.43,0.0,5.79,0.0,5.36,0,No,SI,0.8900,Pass - Pass - Pass - 1Dia - 1Pic - X - Pass - 3Cor - Pass - 4Cor - Pass - Pass
40,W,Pass,Pass,0,6.57,6.57,0.0,4.95,0.0,5.58,0.0,5.38,0.0,5.34,0,No,SI,0.7898,
40,N,1Dia,1Dia,130,16.35,16.35,0.0,4.44,0.0,3.97,3.4,7.88,0.0,5.31,130,No,SI,0.9996,Pass
40,E,Pass,Pass,0,6.81,6.81,0.0,6.03,0.0,6.16,0.0,5.86,0.0,5.81,0,No,SI,0.9756,Pass - 1Dia
40,S,1Cor,1Cor,150,15.54,15.54,0.0,4.09,4.63,7.55,0.0,5.17,0.0,5.01,150,Si,SI,0.9997,Pass - 1Dia - Pass
40,W,Pass,Pass,0,6.21,6.21,0.0,4.54,0.0,4.68,0.0,4.88,0.0,4.89,0,No,SI,0.7154,Pass - 1Dia - Pass - 1Cor
40,N,1NT,1NT,190,9.51,9.51,1.24,3.83,1.07,4.09,1.06,4.37,1.31,4.32,190,No,SI,0.8829,Pass - 1Dia - Pass - 1Cor - Pass
40,E,Pass,Pass,0,6.47,6.47,0.0,5.78,0.0,5.92,0.0,5.68,0.0,5.7,0,No,SI,0.9543,Pass - 1Dia - Pass - 1Cor - Pass - 1NT
40,S,3NT,2NT,290,16.47,16.47,1.62,4.26,1.19,3.97,1.71,4.78,1.41,4.69,390,No,NO,0.5779,Pass - 1Dia - Pass - 1Cor - Pass - 1NT - Pass
40,W,Pass,Pass,0,5.94,5.94,0.0,5.21,0.0,5.38,0.0,5.51,0.0,5.62,0,No,SI,0.9899,Pass - 1Dia - Pass - 1Cor - Pass - 1NT - Pass - 3NT
40,N,Pass,5Tre,510,9.77,9.77,1.61,3.88,0.86,3.91,1.07,4.22,1.6,4.3,0,No,NO,0.8389,Pass - 1Dia - Pass - 1Cor - Pass - 1NT - Pass - 3NT - Pass
40,E,Pass,Pass,0,6.71,6.71,0.0,5.94,0.0,6.16,0.0,6.02,0.0,5.98,0,No,SI,0.9999,Pass - 1Dia - Pass - 1Cor - Pass - 1NT - Pass - 3NT - Pass - Pass
41,N,Pass,Pass,0,6.12,6.12,0.0,5.24,0.0,5.47,0.0,5.62,0.0,5.48,0,No,SI,0.9410,
41,E,Pass,Pass,0,5.66,5.66,0.0,5.37,0.0,5.88,0.0,5.73,0.0,5.62,0,No,SI,0.9605,Pass
41,S,1Dia,1Dia,130,16.05,16.05,0.0,4.39,0.0,4.23,2.77,6.93,0.51,5.35,130,No,SI,0.9903,Pass - Pass
41,W,Pass,Pass,0,6.44,6.44,0.0,5.83,0.0,5.88,0.0,6.0,0.0,6.06,0,No,SI,0.9321,Pass - Pass - 1Dia
41,N,1NT,2Pic,270,7.47,7.47,0.2,4.44,0.0,4.76,0.0,4.84,0.0,4.77,190,No,NO,0.8477,Pass - Pass - 1Dia - Pass
41,E,Pass,Pass,0,6.09,6.09,0.0,5.66,0.0,5.66,0.0,5.76,0.0,5.8,0,No,SI,0.9730,Pass - Pass - 1Dia - Pass - 1NT
41,S,2NT,3NT,390,15.34,15.34,1.49,4.14,1.67,4.25,1.69,4.72,1.49,4.59,290,No,NO,0.9810,Pass - Pass - 1Dia - Pass - 1NT - Pass
41,W,Pass,Pass,0,6.38,6.38,0.0,5.91,0.0,5.97,0.0,6.1,0.0,6.17,0,No,SI,0.9979,Pass - Pass - 1Dia - Pass - 1NT - Pass - 2NT
41,N,Pass,4Pic,470,6.79,6.79,1.36,4.85,0.0,4.19,0.0,4.82,0.06,4.69,0,No,NO,0.5857,Pass - Pass - 1Dia - Pass - 1NT - Pass - 2NT - Pass
41,E,Pass,Pass,0,6.07,6.07,0.0,5.59,0.0,5.67,0.0,5.91,0.0,5.91,0,No,SI,0.9959,Pass - Pass - 1Dia - Pass - 1NT - Pass - 2NT - Pass - Pass
42,E,1Tre,1Tre,110,16.36,16.36,0.0,4.08,0.0,4.02,0.0,4.17,2.32,7.47,110,No,SI,0.9988,
42,S,Pass,Pass,0,6.23,6.23,0.0,5.34,0.0,5.31,0.0,5.49,0.0,5.55,0,No,SI,0.8944,1Tre
42,W,Pass,1Pic,170,8.61,8.61,1.07,3.49,0.02,3.21,0.93,4.05,0.23,3.43,0,No,NO,0.9996,1Tre - Pass
42,N,1Dia,3Tre,310,11.05,11.05,0.27,3.6,0.0,3.49,1.38,5.25,2.98,5.7,130,No,NO,0.9446,1Tre - Pass - Pass
42,E,Pass,3Dia,330,15.13,15.13,1.22,4.33,0.18,3.68,0.41,4.14,1.73,5.97,0,No,NO,0.9992,1Tre - Pass - Pass - 1Dia
42,S,2Tre,3Pic,370,12.16,12.16,1.61,4.44,1.7,4.6,0.15,4.38,0.36,4.61,210,Si,NO,0.3472,1Tre - Pass - Pass - 1Dia - Pass
42,W,Pass,5Dia,530,2.68,2.68,0.58,1.65,0.0,1.34,0.14,1.59,0.01,1.6,0,No,NO,0.7198,1Tre - Pass - Pass - 1Dia - Pass - 2Tre
42,N,3NT,Pass,0,11.92,11.92,1.12,3.78,1.17,4.04,1.3,4.53,1.06,4.32,390,No,NO,0.6875,1Tre - Pass - Pass - 1Dia - Pass - 2Tre - Pass
42,E,Pass,5Cor,550,13.84,13.84,1.57,4.12,0.63,3.61,0.51,3.91,1.69,5.32,0,No,NO,0.5482,1Tre - Pass - Pass - 1Dia - Pass - 2Tre - Pass - 3NT
42,S,Pass,Pass,0,12.15,12.15,1.43,4.35,2.16,4.88,0.16,4.45,0.34,4.58,0,No,SI,0.9375,1Tre - Pass - Pass - 1Dia - Pass - 2Tre - Pass - 3NT - Pass
42,W,Pass,Pass,0,7.81,7.81,1.05,3.82,0.0,3.28,0.39,3.94,0.14,3.61,0,No,SI,1.0000,1Tre - Pass - Pass - 1Dia - Pass - 2Tre - Pass - 3NT - Pass - Pass
43,S,1Tre,1Tre,110,16.92,16.92,0.0,4.45,0.0,4.22,0.0,3.99,2.5,8.2,110,No,SI,0.9999,
43,W,Pass,Pass,0,6.29,6.29,0.0,5.13,0.0,5.17,0.0,5.46,0.0,5.56,0,No,SI,0.8203,1Tre
43,N,1Pic,1Pic,170,15.26,15.26,3.81,6.88,0.38,4.58,0.5,5.24,0.0,4.9,170,Si,SI,1.0000,1Tre - Pass
43,E,Pass,Pass,0,6.64,6.64,0.0,5.63,0.0,5.6,0.0,5.51,0.0,5.6,0,No,SI,0.8826,1Tre - Pass - 1Pic
43,S,2Tre,1Pic,170,13.37,13.37,1.61,4.19,0.93,3.71,0.86,4.33,1.62,5.25,210,No,NO,0.9774,1Tre - Pass - 1Pic - Pass
43,W,Pass,Pass,0,6.44,6.44,0.0,5.42,0.0,5.56,0.0,5.75,0.0,5.77,0,No,SI,0.9215,1Tre - Pass - 1Pic - Pass - 2Tre
43,N,Pass,2Tre,210,15.84,15.84,3.7,6.93,0.58,4.8,0.68,5.53,0.04,5.18,0,No,NO,0.9777,1Tre - Pass - 1Pic - Pass - 2Tre - Pass
43,E,2Cor,3Tre,310,11.08,11.08,0.34,3.76,2.61,5.7,0.0,4.62,0.4,4.5,250,No,NO,0.3480,1Tre - Pass - 1Pic - Pass - 2Tre - Pass - Pass
43,S,Pass,3Dia,330,12.73,12.73,1.49,4.03,1.19,4.05,0.69,4.16,1.77,5.21,0,No,NO,0.7659,1Tre - Pass - 1Pic - Pass - 2Tre - Pass - Pass - 2Cor
43,W,3Tre,4Dia,430,8.19,8.19,0.77,3.99,1.9,5.53,0.35,5.28,0.38,4.95,310,Si,NO,0.9998,1Tre - Pass - 1Pic - Pass - 2Tre - Pass - Pass - 2Cor - Pass
43,N,Pass,Pass,0,13.18,13.18,3.59,6.58,0.43,4.34,0.0,4.53,0.0,4.64,0,No,SI,0.9998,1Tre - Pass - 1Pic - Pass - 2Tre - Pass - Pass - 2Cor - Pass - 3Tre
43,E,4Cor,4Cor,450,8.55,8.55,0.69,4.22,3.07,5.88,0.0,4.35,0.0,4.59,450,No,SI,0.6381,1Tre - Pass - 1Pic - Pass - 2Tre - Pass - Pass - 2Cor - Pass - 3Tre - Pass
43,S,Pass,Pass,0,12.18,12.18,1.43,3.96,1.48,4.21,0.46,4.04,1.6,5.07,0,No,SI,0.9388,1Tre - Pass - 1Pic - Pass - 2Tre - Pass - Pass - 2Cor - Pass - 3Tre - Pass - 4Cor
43,W,Pass,5Tre,510,7.87,7.87,0.77,3.8,1.79,5.3,0.21,4.97,0.28,4.86,0,No,NO,0.3593,1Tre - Pass - 1Pic - Pass - 2Tre - Pass - Pass - 2Cor - Pass - 3Tre - Pass - 4Cor - Pass
43,N,Pass,Pass,0,15.08,15.08,3.9,7.13,0.39,4.71,0.16,5.19,0.0,5.09,0,No,SI,0.9948,1Tre - Pass - 1Pic - Pass - 2Tre - Pass - Pass - 2Cor - Pass - 3Tre - Pass - 4Cor - Pass - Pass
44,W,1Pic,1Pic,170,13.73,13.73,3.06,6.4,0.93,4.93,0.0,4.91,0.0,4.95,170,No,SI,0.9992,
44,N,Pass,Pass,0,6.15,6.15,0.0,5.36,0.0,5.44,0.0,5.43,0.0,5.5,0,No,SI,0.8427,1Pic
44,E,Pass,1NT,190,7.38,7.38,0.33,3.86,0.0,4.16,0.33,4.47,0.59,4.39,0,No,NO,0.8828,1Pic - Pass
44,S,X,2Dia,230,15.63,15.63,0.66,4.22,0.7,4.33,1.61,4.89,1.05,5.04,171,No,NO,0.5822,1Pic - Pass - Pass
44,W,XX,2Cor,250,12.96,12.96,3.41,6.43,0.41,4.59,0.0,4.18,0.0,4.7,172,No,NO,1.0000,1Pic - Pass - Pass - X
44,N,2Tre,Pass,0,4.88,4.88,0.81,3.66,0.0,3.23,0.0,3.77,0.0,3.76,210,No,NO,0.4815,1Pic - Pass - Pass - X - XX
44,E,2Pic,Pass,0,9.05,9.05,0.48,4.71,0.0,4.46,0.0,4.62,0.04,4.56,270,No,NO,0.9996,1Pic - Pass - Pass - X - XX - 2Tre
44,S,Pass,4Cor,450,11.68,11.68,0.69,4.72,4.01,7.01,0.0,5.05,0.0,5.4,0,No,NO,0.9978,1Pic - Pass - Pass - X - XX - 2Tre - 2Pic
44,W,Pass,4Cor,450,15.34,15.34,2.11,5.36,1.91,5.02,0.29,4.81,0.59,5.17,0,No,NO,0.7119,1Pic - Pass - Pass - X - XX - 2Tre - 2Pic - Pass
44,N,Pass,4Pic,470,5.32,5.32,3.73,4.68,0.0,3.06,0.0,3.64,0.0,3.66,0,No,NO,0.8724,1Pic - Pass - Pass - X - XX - 2Tre - 2Pic - Pass - Pass
45,N,Pass,Pass,0,6.12,6.12,0.0,5.24,0.0,5.47,0.0,5.62,0.0,5.48,0,No,SI,0.9410,
45,E,1Tre,1Tre,110,16.13,16.13,0.0,4.04,0.0,3.98,0.0,4.1,2.31,7.36,110,No,SI,0.9984,Pass
45,S,1Cor,2Cor,250,10.28,10.28,0.83,4.09,2.95,5.53,0.0,4.33,0.57,4.61,150,No,NO,0.9224,Pass - 1Tre
45,W,Pass,2Cor,250,7.28,7.28,2.64,4.6,0.0,2.26,0.0,2.53,0.0,2.98,0,No,NO,1.0000,Pass - 1Tre - 1Cor
45,N,2Cor,2Cor,250,7.21,7.21,0.17,3.43,3.17,5.91,0.0,4.31,0.0,4.57,250,No,SI,0.7909,Pass - 1Tre - 1Cor - Pass
45,E,X,2Cor,250,15.79,15.79,1.22,4.47,0.66,4.3,0.98,4.62,0.36,4.84,251,Si,NO,0.9100,Pass - 1Tre - 1Cor - Pass - 2Cor
45,S,Pass,Pass,0,6.98,6.98,0.28,4.3,0.74,5.15,0.0,4.57,1.12,5.27,0,No,SI,0.9572,Pass - 1Tre - 1Cor - Pass - 2Cor - X
45,W,2NT,2Cor,250,6.26,6.26,1.97,3.65,0.0,2.05,0.07,2.29,0.0,2.53,290,No,NO,1.0000,Pass - 1Tre - 1Cor - Pass - 2Cor - X - Pass
45,N,Pass,Pass,0,6.23,6.23,0.52,3.56,2.56,4.9,0.0,3.79,0.0,4.05,0,No,SI,0.7002,Pass - 1Tre - 1Cor - Pass - 2Cor - X - Pass - 2NT
45,E,Pass,4Tre,410,19.49,19.49,0.34,4.65,0.0,4.15,1.92,5.11,0.57,5.28,0,No,NO,0.9351,Pass - 1Tre - 1Cor - Pass - 2Cor - X - Pass - 2NT - Pass
45,S,3Cor,4Cor,450,11.65,11.65,0.98,4.32,3.3,5.82,0.0,4.61,0.0,4.83,350,No,NO,0.7607,Pass - 1Tre - 1Cor - Pass - 2Cor - X - Pass - 2NT - Pass - Pass
45,W,Pass,4Cor,450,5.88,5.88,1.91,3.41,0.0,1.84,0.0,2.05,0.0,2.31,0,No,NO,0.9041,Pass - 1Tre - 1Cor - Pass - 2Cor - X - Pass - 2NT - Pass - Pass - 3Cor
45,N,Pass,4Cor,450,7.88,7.88,0.53,3.44,2.72,5.19,0.0,4.1,0.0,4.19,0,No,NO,0.4458,Pass - 1Tre - 1Cor - Pass - 2Cor - X - Pass - 2NT - Pass - Pass - 3Cor - Pass
45,E,Pass,4NT,490,19.3,19.3,1.24,5.16,0.62,4.92,1.13,5.27,0.32,5.52,0,No,NO,0.6264,Pass - 1Tre - 1Cor - Pass - 2Cor - X - Pass - 2NT - Pass - Pass - 3Cor - Pass - Pass
46,E,Pass,Pass,0,6.08,6.08,0.0,5.27,0.0,5.7,0.0,5.57,0.0,5.51,0,No,SI,0.9481,
46,S,Pass,Pass,0,5.45,5.45,0.0,5.19,0.0,5.59,0.0,5.54,0.0,5.47,0,No,SI,0.9552,Pass
46,W,1Tre,1Tre,110,15.66,15.66,0.0,3.78,0.0,3.68,0.99,5.14,1.34,6.74,110,No,SI,0.9900,Pass - Pass
46,N,1Pic,2Tre,210,10.6,10.6,1.17,4.0,0.94,3.7,0.68,4.01,1.3,4.67,170,No,NO,0.4351,Pass - Pass - 1Tre
46,E,Pass,4Pic,470,10.84,10.84,2.18,5.33,0.0,4.1,0.0,4.71,0.23,4.73,0,No,NO,0.6635,Pass - Pass - 1Tre - 1Pic
46,S,Pass,Pass,0,6.46,6.46,0.0,4.2,0.0,4.47,0.0,4.84,0.08,4.77,0,No,SI,0.9041,Pass - Pass - 1Tre - 1Pic - Pass
46,W,2Tre,4NT,490,9.41,9.41,0.42,3.51,0.07,3.45,2.19,5.24,0.6,3.96,210,No,NO,0.7668,Pass - Pass - 1Tre - 1Pic - Pass - Pass
46,N,2Pic,5Cor,550,11.05,11.05,2.08,4.81,1.4,4.3,0.0,3.82,0.8,4.59,270,No,NO,0.9938,Pass - Pass - 1Tre - 1Pic - Pass - Pass - 2Tre
46,E,Pass,Pass,0,11.64,11.64,1.24,4.54,0.78,4.69,0.79,4.83,1.08,4.75,0,No,SI,0.9999,Pass - Pass - 1Tre - 1Pic - Pass - Pass - 2Tre - 2Pic
46,S,Pass,Pass,0,7.51,7.51,0.21,4.19,0.0,4.35,0.18,4.78,0.53,4.86,0,No,SI,0.9907,Pass - Pass - 1Tre - 1Pic - Pass - Pass - 2Tre - 2Pic - Pass
46,W,Pass,Pass,0,10.32,10.32,0.32,3.5,0.0,3.43,2.1,5.4,0.98,4.58,0,No,SI,0.7878,Pass - Pass - 1Tre - 1Pic - Pass - Pass - 2Tre - 2Pic - Pass - Pass
47,S,1Cor,1Cor,150,15.05,15.05,0.3,4.83,4.93,8.22,0.0,5.5,0.0,5.53,150,No,SI,0.9993,
47,W,1NT,1NT,190,15.78,15.78,1.75,4.11,1.42,4.09,1.97,4.67,1.53,4.57,190,No,SI,0.7702,1Cor
47,N,Pass,4Pic,470,6.6,6.6,2.92,6.01,0.0,4.03,0.0,4.64,0.0,4.45,0,No,NO,0.7176,1Cor - 1NT
47,E,2Cor,4Pic,470,3.77,3.77,0.43,3.31,0.0,4.1,0.0,4.75,1.14,4.97,250,Si,NO,0.7102,1Cor - 1NT - Pass
47,S,Pass,Pass,0,10.77,10.77,0.97,4.26,2.92,5.73,0.0,4.5,0.55,4.81,0,No,SI,0.9973,1Cor - 1NT - Pass - 2Cor
47,W,2Pic,4Pic,470,10.11,10.11,2.75,5.06,0.0,2.95,0.47,3.57,0.06,3.61,270,No,NO,1.0000,1Cor - 1NT - Pass - 2Cor - Pass
47,N,Pass,Pass,0,6.05,6.05,0.0,4.74,0.0,4.69,0.0,4.73,0.0,4.65,0,No,SI,1.0000,1Cor - 1NT - Pass - 2Cor - Pass - 2Pic
47,E,Pass,4Pic,470,7.96,7.96,2.28,4.98,0.0,4.24,0.0,4.72,0.3,4.51,0,No,NO,1.0000,1Cor - 1NT - Pass - 2Cor - Pass - 2Pic - Pass
47,S,Pass,Pass,0,11.15,11.15,0.97,4.23,3.13,5.78,0.0,4.54,0.51,4.7,0,No,SI,0.9900,1Cor - 1NT - Pass - 2Cor - Pass - 2Pic - Pass - Pass
48,W,Pass,Pass,0,6.57,6.57,0.0,4.95,0.0,5.58,0.0,5.38,0.0,5.34,0,No,SI,0.7898,
48,N,Pass,Pass,0,5.59,5.59,0.0,5.26,0.0,5.41,0.0,5.39,0.0,5.16,0,No,SI,0.9819,Pass
48,E,Pass,Pass,0,5.64,5.64,0.0,5.35,0.0,5.63,0.0,5.63,0.0,5.57,0,No,SI,0.9602,Pass - Pass
48,S,1Tre,1Tre,110,17.17,17.17,0.83,4.82,0.0,4.3,0.0,4.34,2.23,7.61,110,No,SI,0.9999,Pass - Pass - Pass
48,W,Pass,Pass,0,6.59,6.59,0.0,4.95,0.0,5.09,0.0,5.25,0.0,5.33,0,No,SI,0.7450,Pass - Pass - Pass - 1Tre
48,N,1Cor,2Pic,270,5.76,5.76,0.0,4.73,0.0,4.79,0.0,5.06,0.0,4.9,150,No,NO,0.6212,Pass - Pass - Pass - 1Tre - Pass
48,E,Pass,Pass,0,5.62,5.62,0.0,5.25,0.0,5.33,0.0,5.48,0.0,5.5,0,No,SI,0.9749,Pass - Pass - Pass - 1Tre - Pass - 1Cor
48,S,3Cor,3Cor,350,15.28,15.28,0.78,4.15,3.19,5.92,0.59,4.89,0.18,4.73,350,No,SI,0.9185,Pass - Pass - Pass - 1Tre - Pass - 1Cor - Pass
48,W,Pass,Pass,0,6.31,6.31,0.0,5.76,0.0,5.89,0.0,6.01,0.0,6.07,0,No,SI,0.9983,Pass - Pass - Pass - 1Tre - Pass - 1Cor - Pass - 3Cor
48,N,Pass,Pass,0,7.87,7.87,0.27,4.45,0.73,5.17,0.0,5.12,0.46,5.34,0,No,SI,0.5286,Pass - Pass - Pass - 1Tre - Pass - 1Cor - Pass - 3Cor - Pass
48,E,Pass,Pass,0,6.53,6.53,0.0,5.46,0.0,5.56,0.0,5.77,0.0,5.81,0,No,SI,0.9781,Pass - Pass - Pass - 1Tre - Pass - 1Cor - Pass - 3Cor - Pass - Pass
49,N,Pass,Pass,0,6.12,6.12,0.0,5.24,0.0,5.47,0.0,5.62,0.0,5.48,0,No,SI,0.9410,
49,E,Pass,Pass,0,5.66,5.66,0.0,5.37,0.0,5.88,0.0,5.73,0.0,5.62,0,No,SI,0.9605,Pass
49,S,1Dia,1Dia,130,16.05,16.05,0.0,4.39,0.0,4.23,2.77,6.93,0.51,5.35,130,No,SI,0.9903,Pass - Pass
49,W,Pass,Pass,0,6.44,6.44,0.0,5.83,0.0,5.88,0.0,6.0,0.0,6.06,0,No,SI,0.9321,Pass - Pass - 1Dia
49,N,1Pic,1NT,190,8.91,8.91,0.63,4.3,2.43,5.98,0.0,4.87,0.36,4.85,170,No,NO,0.9674,Pass - Pass - 1Dia - Pass
49,E,Pass,Pass,0,6.27,6.27,0.0,5.55,0.0,5.53,0.0,5.64,0.0,5.76,0,No,SI,0.9093,Pass - Pass - 1Dia - Pass - 1Pic
49,S,3Tre,2Dia,230,16.53,16.53,0.0,3.68,0.0,3.83,4.54,8.01,0.14,5.48,310,No,NO,0.9990,Pass - Pass - 1Dia - Pass - 1Pic - Pass
49,W,Pass,Pass,0,6.51,6.51,0.0,5.62,0.0,5.68,0.0,5.85,0.0,5.98,0,No,SI,0.9899,Pass - Pass - 1Dia - Pass - 1Pic - Pass - 3Tre
49,N,4Tre,3NT,390,9.46,9.46,0.84,3.45,0.63,3.89,1.83,5.14,0.52,4.61,410,No,NO,0.9585,Pass - Pass - 1Dia - Pass - 1Pic - Pass - 3Tre - Pass
49,E,Pass,Pass,0,6.28,6.28,0.0,5.87,0.0,5.9,0.0,5.99,0.0,5.95,0,No,SI,0.9992,Pass - Pass - 1Dia - Pass - 1Pic - Pass - 3Tre - Pass - 4Tre
49,S,5Tre,4Dia,430,16.9,16.9,0.0,3.78,0.0,3.97,4.65,8.13,0.12,5.53,510,No,NO,0.6827,Pass - Pass - 1Dia - Pass - 1Pic - Pass - 3Tre - Pass - 4Tre - Pass
49,W,Pass,Pass,0,7.04,7.04,0.0,5.99,0.0,6.03,0.0,5.91,0.0,5.71,0,No,SI,1.0000,Pass - Pass - 1Dia - Pass - 1Pic - Pass - 3Tre - Pass - 4Tre - Pass - 5Tre
49,N,Pass,5Dia,530,9.26,9.26,0.68,3.44,0.72,4.11,1.84,5.43,0.28,4.69,0,No,NO,0.7327,Pass - Pass - 1Dia - Pass - 1Pic - Pass - 3Tre - Pass - 4Tre - Pass - 5Tre - Pass
49,E,Pass,Pass,0,6.13,6.13,0.0,5.65,0.0,5.82,0.0,5.88,0.0,5.76,0,No,SI,1.0000,Pass - Pass - 1Dia - Pass - 1Pic - Pass - 3Tre - Pass - 4Tre - Pass - 5Tre - Pass - Pass
50,E,Pass,Pass,0,6.08,6.08,0.0,5.27,0.0,5.7,0.0,5.57,0.0,5.51,0,No,SI,0.9481,
50,S,2NT,2NT,290,22.01,22.01,2.37,5.2,2.06,4.87,2.41,5.59,2.19,5.62,290,No,SI,0.9948,Pass
50,W,Pass,Pass,0,6.34,6.34,0.0,5.69,0.0,5.62,0.0,5.95,0.0,6.0,0,No,SI,0.9963,Pass - 2NT
50,N,3Tre,3Dia,330,7.35,7.35,0.0,3.28,3.64,6.87,0.0,5.03,0.0,5.07,310,Si,NO,0.9284,Pass - 2NT - Pass
50,E,Pass,Pass,0,6.78,6.78,0.0,5.92,0.0,5.94,0.0,5.77,0.0,5.79,0,No,SI,0.9990,Pass - 2NT - Pass - 3Tre
50,S,3NT,4Tre,410,18.62,18.62,2.23,5.19,1.24,4.51,0.56,4.38,0.45,5.25,390,No,NO,0.9986,Pass - 2NT - Pass - 3Tre - Pass
50,W,Pass,Pass,0,6.72,6.72,0.0,5.91,0.0,5.98,0.0,5.94,0.0,5.94,0,No,SI,0.9988,Pass - 2NT - Pass - 3Tre - Pass - 3NT
50,N,4Cor,4Tre,410,6.99,6.99,0.35,3.21,2.73,5.01,0.0,3.84,0.0,3.92,450,No,NO,0.4049,Pass - 2NT - Pass - 3Tre - Pass - 3NT - Pass
50,E,Pass,Pass,0,6.62,6.62,0.0,5.86,0.0,6.01,0.0,5.76,0.0,5.79,0,No,SI,0.9997,Pass - 2NT - Pass - 3Tre - Pass - 3NT - Pass - 4Cor
50,S,Pass,5Pic,570,18.77,18.77,1.73,5.19,1.42,4.94,0.73,4.96,0.37,5.66,0,No,NO,0.7451,Pass - 2NT - Pass - 3Tre - Pass - 3NT - Pass - 4Cor - Pass
50,W,Pass,Pass,0,6.56,6.56,0.0,5.92,0.0,6.04,0.0,6.27,0.0,6.27,0,No,SI,1.0000,Pass - 2NT - Pass - 3Tre - Pass - 3NT - Pass - 4Cor - Pass - Pass
51,S,1Dia,1Dia,130,16.71,16.71,0.0,4.59,0.0,4.37,3.08,7.53,0.33,5.62,130,No,SI,0.9966,
51,W,Pass,Pass,0,5.93,5.93,0.0,5.64,0.0,5.98,0.0,5.95,0.0,5.95,0,No,SI,0.8709,1Dia
51,N,1Pic,1Pic,170,15.44,15.44,3.85,6.99,0.43,4.66,0.44,5.29,0.0,4.98,170,Si,SI,1.0000,1Dia - Pass
51,E,Pass,Pass,0,6.68,6.68,0.0,5.69,0.0,5.67,0.0,5.56,0.0,5.64,0,No,SI,0.8920,1Dia - Pass - 1Pic
51,S,2Dia,3Tre,310,5.93,5.93,0.64,2.78,0.05,2.88,0.58,3.39,2.01,4.0,230,No,NO,0.3875,1Dia - Pass - 1Pic - Pass
51,W,Pass,Pass,0,6.3,6.3,0.0,5.69,0.0,5.8,0.0,5.89,0.0,6.02,0,No,SI,0.9916,1Dia - Pass - 1Pic - Pass - 2Dia
51,N,3Tre,4Tre,410,15.87,15.87,0.0,4.05,0.0,3.34,2.69,5.34,0.58,4.72,310,Si,NO,0.9041,1Dia - Pass - 1Pic - Pass - 2Dia - Pass
51,E,Pass,Pass,0,6.87,6.87,0.0,6.01,0.0,6.1,0.0,5.88,0.0,5.9,0,No,SI,0.9990,1Dia - Pass - 1Pic - Pass - 2Dia - Pass - 3Tre
51,S,3Pic,Pass,0,11.03,11.03,1.66,4.36,0.98,4.34,1.34,4.66,1.61,4.71,370,Si,NO,0.8207,1Dia - Pass - 1Pic - Pass - 2Dia - Pass - 3Tre - Pass
51,W,Pass,Pass,0,6.48,6.48,0.0,5.72,0.0,5.94,0.0,6.02,0.0,6.02,0,No,SI,0.9940,1Dia - Pass - 1Pic - Pass - 2Dia - Pass - 3Tre - Pass - 3Pic
51,N,4Pic,4Tre,410,16.67,16.67,0.7,4.63,0.0,3.87,2.3,5.49,0.73,5.03,470,No,NO,0.9682,1Dia - Pass - 1Pic - Pass - 2Dia - Pass - 3Tre - Pass - 3Pic - Pass
51,E,Pass,Pass,0,5.93,5.93,0.0,5.12,0.0,5.58,0.0,5.28,0.0,5.28,0,No,SI,0.9989,1Dia - Pass - 1Pic - Pass - 2Dia - Pass - 3Tre - Pass - 3Pic - Pass - 4Pic
51,S,Pass,Pass,0,9.9,9.9,1.43,4.12,0.86,4.26,1.06,4.44,1.46,4.48,0,No,SI,0.8691,1Dia - Pass - 1Pic - Pass - 2Dia - Pass - 3Tre - Pass - 3Pic - Pass - 4Pic - Pass
51,W,Pass,Pass,0,6.36,6.36,0.0,5.53,0.0,5.73,0.0,5.72,0.0,5.63,0,No,SI,1.0000,1Dia - Pass - 1Pic - Pass - 2Dia - Pass - 3Tre - Pass - 3Pic - Pass - 4Pic - Pass - Pass
52,W,1Pic,1Pic,170,13.73,13.73,3.06,6.4,0.93,4.93,0.0,4.91,0.0,4.95,170,No,SI,0.9992,
52,N,Pass,Pass,0,6.15,6.15,0.0,5.36,0.0,5.44,0.0,5.43,0.0,5.5,0,No,SI,0.8427,1Pic
52,E,3Dia,1Pic,170,5.45,5.45,1.42,3.41,0.41,3.0,0.0,2.89,0.13,2.96,330,Si,NO,1.0000,1Pic - Pass
52,S,Pass,Pass,0,6.15,6.15,0.0,5.5,0.0,5.56,0.0,5.66,0.0,5.72,0,No,SI,0.9955,1Pic - Pass - 3Dia
52,W,3Cor,4Pic,470,15.95,15.95,1.55,3.55,1.11,3.12,1.46,3.78,0.83,4.03,350,Si,NO,0.6569,1Pic - Pass - 3Dia - Pass
52,N,Pass,Pass,0,6.44,6.44,0.0,5.75,0.0,5.81,0.0,5.68,0.0,5.74,0,No,SI,0.9998,1Pic - Pass - 3Dia - Pass - 3Cor
52,E,4Pic,Pass,0,6.42,6.42,0.0,4.67,0.0,4.97,0.0,5.47,0.48,5.54,470,No,NO,0.8894,1Pic - Pass - 3Dia - Pass - 3Cor - Pass
52,S,Pass,Pass,0,6.26,6.26,0.0,5.67,0.0,5.89,0.0,5.91,0.0,5.92,0,No,SI,0.9995,1Pic - Pass - 3Dia - Pass - 3Cor - Pass - 4Pic
52,W,Pass,4Pic,470,14.81,14.81,1.48,3.39,1.15,3.2,1.45,3.64,0.97,3.88,0,No,NO,0.7429,1Pic - Pass - 3Dia - Pass - 3Cor - Pass - 4Pic - Pass
52,N,Pass,Pass,0,6.62,6.62,0.0,5.79,0.0,6.06,0.0,5.82,0.0,5.78,0,No,SI,0.9999,1Pic - Pass - 3Dia - Pass - 3Cor - Pass - 4Pic - Pass - Pass
53,N,Pass,Pass,0,6.12,6.12,0.0,5.24,0.0,5.47,0.0,5.62,0.0,5.48,0,No,SI,0.9410,
53,E,Pass,Pass,0,5.66,5.66,0.0,5.37,0.0,5.88,0.0,5.73,0.0,5.62,0,No,SI,0.9605,Pass
53,S,1Dia,1Dia,130,16.05,16.05,0.0,4.39,0.0,4.23,2.77,6.93,0.51,5.35,130,No,SI,0.9903,Pass - Pass
53,W,1Pic,2Cor,250,9.81,9.81,1.15,3.51,1.18,3.59,0.75,3.64,0.84,3.86,170,No,NO,0.6084,Pass - Pass - 1Dia
53,N,X,2Pic,270,7.48,7.48,0.02,4.11,1.56,5.66,0.0,4.62,0.76,5.25,171,No,NO,0.4102,Pass - Pass - 1Dia - 1Pic
53,E,2Cor,2Pic,270,3.08,3.08,1.33,2.27,0.0,1.25,0.0,1.2,0.0,1.61,250,Si,NO,1.0000,Pass - Pass - 1Dia - 1Pic - X
53,S,X,2Pic,270,14.56,14.56,1.38,4.61,2.5,5.66,0.0,4.68,1.05,5.58,251,No,NO,0.9950,Pass - Pass - 1Dia - 1Pic - X - 2Cor
53,W,3Pic,Pass,0,9.96,9.96,1.2,4.18,2.55,5.2,0.0,4.25,0.48,4.66,370,No,NO,0.9076,Pass - Pass - 1Dia - 1Pic - X - 2Cor - X
53,N,Pass,4Cor,450,7.8,7.8,0.43,4.91,3.17,7.61,0.0,5.78,0.0,6.11,0,No,NO,0.7868,Pass - Pass - 1Dia - 1Pic - X - 2Cor - X - 3Pic
53,E,Pass,4Cor,450,4.93,4.93,1.74,3.02,0.0,1.63,0.02,1.85,0.0,2.12,0,No,NO,0.8728,Pass - Pass - 1Dia - 1Pic - X - 2Cor - X - 3Pic - Pass
53,S,Pass,4Cor,450,16.12,16.12,1.09,4.73,3.36,6.59,0.34,5.27,0.76,5.44,0,No,NO,0.8963,Pass - Pass - 1Dia - 1Pic - X - 2Cor - X - 3Pic - Pass - Pass
54,E,Pass,Pass,0,6.08,6.08,0.0,5.27,0.0,5.7,0.0,5.57,0.0,5.51,0,No,SI,0.9481,
54,S,1NT,1NT,190,16.39,16.39,2.05,4.67,1.59,4.43,2.11,4.89,2.06,5.02,190,No,SI,0.9926,Pass
54,W,Pass,Pass,0,6.29,6.29,0.0,5.58,0.0,5.58,0.0,5.84,0.0,5.95,0,No,SI,0.9121,Pass - 1NT
54,N,2Tre,1NT,190,4.51,4.51,1.55,2.68,0.0,1.51,0.07,1.72,0.0,1.93,210,Si,NO,1.0000,Pass - 1NT - Pass
54,E,Pass,Pass,0,5.96,5.96,0.0,5.02,0.0,4.95,0.0,4.98,0.0,4.81,0,No,SI,0.9998,Pass - 1NT - Pass - 2Tre
54,S,2Pic,2Cor,250,15.5,15.5,1.79,4.31,2.04,4.61,1.7,4.64,1.86,4.74,270,No,NO,0.8730,Pass - 1NT - Pass - 2Tre - Pass
54,W,Pass,Pass,0,6.44,6.44,0.0,5.54,0.0,5.9,0.0,5.73,0.0,5.62,0,No,SI,0.9984,Pass - 1NT - Pass - 2Tre - Pass - 2Pic
54,N,4Pic,4Cor,450,9.81,9.81,1.01,4.67,2.97,6.07,0.0,4.9,0.37,5.12,470,No,NO,0.9054,Pass - 1NT - Pass - 2Tre - Pass - 2Pic - Pass
54,E,Pass,Pass,0,5.57,5.57,0.0,5.1,0.0,5.13,0.0,5.46,0.0,5.48,0,No,SI,0.9912,Pass - 1NT - Pass - 2Tre - Pass - 2Pic - Pass - 4Pic
54,S,Pass,Pass,0,14.71,14.71,1.88,4.36,1.6,4.3,1.71,4.51,1.89,4.82,0,No,SI,0.8845,Pass - 1NT - Pass - 2Tre - Pass - 2Pic - Pass - 4Pic - Pass
54,W,Pass,Pass,0,6.32,6.32,0.0,5.63,0.0,5.73,0.0,5.86,0.0,5.72,0,No,SI,1.0000,Pass - 1NT - Pass - 2Tre - Pass - 2Pic - Pass - 4Pic - Pass - Pass
55,S,3Dia,3Tre,310,9.67,9.67,0.0,3.52,0.0,3.69,1.77,7.33,3.46,7.11,330,No,NO,0.4968,
55,W,Pass,Pass,0,5.88,5.88,0.0,5.31,0.0,5.63,0.0,5.69,0.0,5.69,0,No,SI,0.9281,3Dia
55,N,4Dia,4Tre,410,6.87,6.87,0.0,3.86,0.0,4.21,0.07,4.66,0.19,4.5,430,No,NO,0.6453,3Dia - Pass
55,E,Pass,Pass,0,6.23,6.23,0.0,5.7,0.0,5.76,0.0,5.67,0.0,5.67,0,No,SI,0.9989,3Dia - Pass - 4Dia
55,S,Pass,4NT,490,9.05,9.05,0.0,3.19,0.0,3.88,2.08,5.86,1.72,5.6,0,No,NO,0.7757,3Dia - Pass - 4Dia - Pass
55,W,Pass,Pass,0,6.17,6.17,0.0,5.67,0.0,5.84,0.0,5.99,0.0,6.01,0,No,SI,0.9999,3Dia - Pass - 4Dia - Pass - Pass
56,W,1Pic,1Pic,170,13.73,13.73,3.06,6.4,0.93,4.93,0.0,4.91,0.0,4.95,170,No,SI,0.9992,
56,N,Pass,Pass,0,6.15,6.15,0.0,5.36,0.0,5.44,0.0,5.43,0.0,5.5,0,No,SI,0.8427,1Pic
56,E,2Cor,2Cor,250,18.42,18.42,1.38,4.65,1.64,4.77,0.99,4.72,0.59,5.13,250,Si,SI,0.5486,1Pic - Pass
56,S,Pass,Pass,0,6.54,6.54,0.0,5.87,0.0,5.82,0.0,5.93,0.0,5.99,0,No,SI,0.9579,1Pic - Pass - 2Cor
56,W,2Pic,2Cor,250,13.3,13.3,3.47,6.4,0.58,4.4,0.0,4.55,0.0,4.54,270,No,NO,0.9985,1Pic - Pass - 2Cor - Pass
56,N,Pass,Pass,0,6.91,6.91,0.0,5.7,0.0,5.98,0.0,5.51,0.0,5.45,0,No,SI,0.9998,1Pic - Pass - 2Cor - Pass - 2Pic
56,E,4Pic,3Pic,370,9.72,9.72,1.39,4.38,2.02,4.99,0.0,4.33,0.0,4.53,470,No,NO,0.4523,1Pic - Pass - 2Cor - Pass - 2Pic - Pass
56,S,Pass,Pass,0,6.27,6.27,0.0,5.81,0.0,5.93,0.0,5.97,0.0,5.92,0,No,SI,0.9999,1Pic - Pass - 2Cor - Pass - 2Pic - Pass - 4Pic
56,W,Pass,Pass,0,14.05,14.05,3.28,6.25,0.66,4.46,0.12,4.75,0.0,4.72,0,No,SI,0.9868,1Pic - Pass - 2Cor - Pass - 2Pic - Pass - 4Pic - Pass
56,N,Pass,Pass,0,6.61,6.61,0.0,5.66,0.0,5.81,0.0,5.56,0.0,5.55,0,No,SI,0.9999,1Pic - Pass - 2Cor - Pass - 2Pic - Pass - 4Pic - Pass - Pass
57,N,Pass,Pass,0,6.12,6.12,0.0,5.24,0.0,5.47,0.0,5.62,0.0,5.48,0,No,SI,0.9410,
57,E,1NT,1NT,190,18.07,18.07,2.16,4.73,1.56,4.35,2.37,5.03,2.08,5.08,190,No,SI,0.9891,Pass
57,S,Pass,Pass,0,6.27,6.27,0.0,5.77,0.0,5.7,0.0,5.8,0.0,5.86,0,No,SI,0.9601,Pass - 1NT
57,W,2Cor,2Dia,230,14.29,14.29,0.0,4.13,0.0,3.1,3.6,7.01,0.0,4.59,250,Si,NO,0.9866,Pass - 1NT - Pass
57,N,Pass,Pass,0,6.38,6.38,0.34,5.92,0.0,5.34,0.0,5.74,0.0,5.61,0,No,SI,0.9515,Pass - 1NT - Pass - 2Cor
57,E,2Pic,2Cor,250,11.6,11.6,3.08,5.62,0.0,3.39,0.41,4.01,0.36,4.2,270,No,NO,1.0000,Pass - 1NT - Pass - 2Cor - Pass
57,S,Pass,Pass,0,6.99,6.99,0.0,5.82,0.0,6.02,0.0,5.77,0.0,5.65,0,No,SI,1.0000,Pass - 1NT - Pass - 2Cor - Pass - 2Pic
57,W,Pass,3Dia,330,6.14,6.14,0.0,3.22,0.54,4.69,1.36,5.53,0.67,5.06,0,No,NO,0.3656,Pass - 1NT - Pass - 2Cor - Pass - 2Pic - Pass
57,N,Pass,Pass,0,6.02,6.02,0.0,5.64,0.0,5.31,0.0,5.66,0.0,5.47,0,No,SI,0.9900,Pass - 1NT - Pass - 2Cor - Pass - 2Pic - Pass - Pass
101,N,1Dia,1Dia,130,16.52,16.52,0.0,4.51,0.0,4.12,3.45,8.0,0.0,5.32,130,No,SI,0.9997,
101,E,2Pic,3Pic,370,5.74,5.74,5.63,6.19,0.0,3.27,0.0,4.01,0.0,3.93,270,No,NO,0.5688,1Dia
101,S,Pass,Pass,0,8.03,8.03,0.0,6.05,0.0,7.19,0.0,6.83,0.0,6.2,0,No,SI,1.0000,1Dia - 2Pic
101,W,Pass,Pass,0,6.01,6.01,0.0,4.24,0.0,5.24,0.0,5.16,0.27,4.73,0,No,SI,0.4597,1Dia - 2Pic - Pass
101,N,2NT,3NT,390,12.43,12.43,1.23,3.87,1.09,3.88,1.36,4.5,0.59,4.15,290,No,NO,0.9913,1Dia - 2Pic - Pass - Pass
101,E,Pass,4Pic,470,5.11,5.11,3.29,4.7,0.0,3.73,0.0,3.92,0.0,4.01,0,No,NO,0.7779,1Dia - 2Pic - Pass - Pass - 2NT
101,S,3NT,Pass,0,7.59,7.59,0.0,4.34,0.0,4.9,0.05,5.34,0.54,5.36,390,No,NO,0.9364,1Dia - 2Pic - Pass - Pass - 2NT - Pass
101,W,Pass,Pass,0,5.02,5.02,0.0,4.22,0.0,4.78,0.0,4.78,0.0,4.53,0,No,SI,1.0000,1Dia - 2Pic - Pass - Pass - 2NT - Pass - 3NT
101,N,Pass,Pass,0,12.52,12.52,1.22,3.86,1.15,3.98,1.39,4.51,1.14,4.35,0,No,SI,0.4006,1Dia - 2Pic - Pass - Pass - 2NT - Pass - 3NT - Pass
101,E,Pass,4Pic,470,4.27,4.27,2.67,4.08,0.0,3.42,0.0,3.51,0.0,3.57,0,No,NO,0.5008,1Dia - 2Pic - Pass - Pass - 2NT - Pass - 3NT - Pass - Pass
102,E,1NT,1NT,190,16.56,16.56,1.97,4.47,1.4,4.12,2.17,4.75,1.93,4.87,190,No,SI,0.9740,
102,S,Pass,Pass,0,5.93,5.93,0.0,5.55,0.0,5.6,0.0,5.67,0.0,5.71,0,No,SI,0.9526,1NT
102,W,Pass,3Pic,370,8.31,8.31,3.56,5.06,0.0,3.54,0.0,4.21,0.0,4.21,0,No,NO,0.9324,1NT - Pass
102,N,2Tre,Pass,0,10.18,10.18,1.1,3.89,0.84,3.93,1.03,4.45,1.2,4.41,210,Si,NO,0.3307,1NT - Pass - Pass
102,E,Pass,3NT,390,18.56,18.56,2.13,4.33,1.55,3.89,2.27,4.64,2.33,4.95,0,No,NO,0.9458,1NT - Pass - Pass - 2Tre
102,S,2Cor,3NT,390,4.74,4.74,1.76,3.02,0.0,1.58,0.0,1.74,0.0,2.07,250,No,NO,1.0000,1NT - Pass - Pass - 2Tre - Pass
102,W,Pass,Pass,0,6.01,6.01,1.66,3.35,0.47,3.2,0.12,3.31,0.0,3.38,0,No,SI,0.6851,1NT - Pass - Pass - 2Tre - Pass - 2Cor
102,N,Pass,Pass,0,8.99,8.99,0.95,3.93,0.84,4.21,0.59,4.4,0.91,4.42,0,No,SI,0.6358,1NT - Pass - Pass - 2Tre - Pass - 2Cor - Pass
102,E,Pass,3NT,390,14.79,14.79,1.82,3.84,1.24,3.5,1.88,4.05,1.9,4.32,0,No,NO,0.7289,1NT - Pass - Pass - 2Tre - Pass - 2Cor - Pass - Pass
103,S,Pass,Pass,0,6.07,6.07,0.0,5.1,0.0,5.43,0.0,5.46,0.0,5.38,0,No,SI,0.9309,
103,W,Pass,Pass,0,5.96,5.96,0.0,5.11,0.0,5.8,0.0,5.52,0.0,5.55,0,No,SI,0.6659,Pass
103,N,1Tre,1Tre,110,17.37,17.37,2.0,5.15,0.76,4.35,0.93,4.98,1.34,5.93,110,No,SI,0.9928,Pass - Pass
103,E,1NT,1Pic,170,6.12,6.12,1.03,2.23,0.29,2.01,0.8,2.55,0.03,2.27,190,No,NO,0.9998,Pass - Pass - 1Tre
103,S,X,Pass,0,7.68,7.68,0.0,4.62,0.0,4.6,0.0,5.07,0.07,5.24,191,No,NO,0.8981,Pass - Pass - 1Tre - 1NT
103,W,Pass,3Dia,330,5.74,5.74,0.0,2.96,0.84,3.75,0.72,4.09,1.16,4.47,0,No,NO,0.3826,Pass - Pass - 1Tre - 1NT - X
103,N,Pass,3Dia,330,15.49,15.49,2.84,5.29,0.89,3.96,1.21,4.78,0.43,4.47,0,No,NO,0.9993,Pass - Pass - 1Tre - 1NT - X - Pass
103,E,Pass,3NT,390,9.29,9.29,2.61,4.86,0.0,2.74,0.47,3.37,0.0,3.42,0,No,NO,1.0000,Pass - Pass - 1Tre - 1NT - X - Pass - Pass
104,W,1Dia,1Dia,130,15.89,15.89,0.0,4.08,0.0,4.01,4.34,9.11,0.0,5.1,130,No,SI,1.0000,
104,N,X,1Pic,170,10.29,10.29,3.34,5.66,0.0,2.84,0.07,3.3,0.0,3.63,131,No,NO,1.0000,1Dia
104,E,3Dia,4Pic,470,10.59,10.59,1.63,5.12,0.0,4.4,0.0,4.45,0.13,4.67,330,No,NO,0.9209,1Dia - X
104,S,3Cor,Pass,0,2.18,2.18,0.7,1.6,0.03,1.32,0.11,1.38,0.19,1.55,350,No,NO,0.9655,1Dia - X - 3Dia
104,W,4Dia,4NT,490,10.4,10.4,0.0,2.64,0.0,2.83,1.81,4.07,0.49,3.69,430,No,NO,0.5356,1Dia - X - 3Dia - 3Cor
104,N,Pass,Pass,0,14.6,14.6,1.55,3.98,2.34,4.41,0.98,4.19,1.3,4.34,0,No,SI,0.6686,1Dia - X - 3Dia - 3Cor - 4Dia
104,E,Pass,Pass,0,12.47,12.47,2.54,5.21,0.0,4.28,0.0,4.89,0.57,4.77,0,No,SI,0.8622,1Dia - X - 3Dia - 3Cor - 4Dia - Pass
104,S,Pass,5Dia,530,2.55,2.55,0.33,1.81,0.11,2.0,0.1,2.07,0.41,2.1,0,No,NO,0.8050,1Dia - X - 3Dia - 3Cor - 4Dia - Pass - Pass
105,N,Pass,Pass,0,6.12,6.12,0.0,5.24,0.0,5.47,0.0,5.62,0.0,5.48,0,No,SI,0.9410,
105,E,Pass,Pass,0,5.66,5.66,0.0,5.37,0.0,5.88,0.0,5.73,0.0,5.62,0,No,SI,0.9605,Pass
105,S,1Cor,1Cor,150,16.19,16.19,0.71,4.95,4.73,7.86,0.0,5.38,0.0,5.53,150,No,SI,0.9997,Pass - Pass
105,W,1Pic,2Cor,250,12.4,12.4,1.69,5.29,2.81,5.94,0.0,4.95,0.12,5.19,170,No,NO,0.7657,Pass - Pass - 1Cor
105,N,Pass,Pass,0,6.35,6.35,0.08,5.47,0.0,5.06,0.0,5.36,0.0,5.38,0,No,SI,0.8437,Pass - Pass - 1Cor - 1Pic
105,E,Pass,4Pic,470,8.32,8.32,1.71,4.17,0.0,3.95,0.08,4.26,0.56,4.16,0,No,NO,0.5345,Pass - Pass - 1Cor - 1Pic - Pass
105,S,X,4Pic,470,16.21,16.21,0.54,4.72,4.02,7.12,0.15,5.5,0.0,5.2,171,No,NO,0.8486,Pass - Pass - 1Cor - 1Pic - Pass - Pass
105,W,Pass,5Dia,530,3.11,3.11,1.38,2.34,0.0,1.27,0.0,1.21,0.0,1.64,0,No,NO,1.0000,Pass - Pass - 1Cor - 1Pic - Pass - Pass - X
105,N,2Cor,Pass,0,7.62,7.62,0.27,3.25,2.69,5.23,0.0,4.15,0.95,4.58,250,No,NO,0.7620,Pass - Pass - 1Cor - 1Pic - Pass - Pass - X - Pass
105,E,Pass,Pass,0,5.7,5.7,0.62,4.9,0.0,4.67,0.0,4.83,0.0,4.75,0,No,SI,1.0000,Pass - Pass - 1Cor - 1Pic - Pass - Pass - X - Pass - 2Cor
105,S,2Pic,5Pic,570,16.69,16.69,1.19,4.68,1.35,4.88,0.88,4.93,0.34,5.18,270,Si,NO,0.5050,Pass - Pass - 1Cor - 1Pic - Pass - Pass - X - Pass - 2Cor - Pass
105,W,Pass,6Dia,630,8.5,8.5,3.03,5.26,0.0,2.51,0.0,2.81,0.0,3.32,0,No,NO,0.9999,Pass - Pass - 1Cor - 1Pic - Pass - Pass - X - Pass - 2Cor - Pass - 2Pic
105,N,3Cor,Pass,0,8.27,8.27,0.88,4.6,0.0,4.4,0.19,4.82,0.24,4.78,350,No,NO,0.9992,Pass - Pass - 1Cor - 1Pic - Pass - Pass - X - Pass - 2Cor - Pass - 2Pic - Pass
105,E,Pass,Pass,0,5.31,5.31,0.28,4.45,0.0,4.5,0.0,4.64,0.0,4.55,0,No,SI,1.0000,Pass - Pass - 1Cor - 1Pic - Pass - Pass - X - Pass - 2Cor - Pass - 2Pic - Pass - 3Cor
105,S,Pass,Pass,0,7.76,7.76,1.06,3.27,1.45,3.7,0.39,3.55,0.77,3.78,0,Si,SI,0.9869,Pass - Pass - 1Cor - 1Pic - Pass - Pass - X - Pass - 2Cor - Pass - 2Pic - Pass - 3Cor - Pass
105,W,Pass,6Dia,630,3.83,3.83,1.51,2.58,0.0,1.4,0.0,1.47,0.0,1.82,0,No,NO,1.0000,Pass - Pass - 1Cor - 1Pic - Pass - Pass - X - Pass - 2Cor - Pass - 2Pic - Pass - 3Cor - Pass - Pass
106,E,1Cor,1Cor,150,14.52,14.52,0.0,4.67,4.9,8.32,0.0,5.54,0.0,5.37,150,No,SI,0.9986,
106,S,2Dia,1Pic,170,11.1,11.1,0.0,4.02,0.0,3.71,0.0,4.1,4.17,7.86,230,No,NO,0.7289,1Cor
106,W,3Dia,4Pic,470,16.93,16.93,1.71,4.33,1.13,3.96,1.18,4.42,0.8,4.63,330,Si,NO,0.7168,1Cor - 2Dia
106,N,Pass,Pass,0,4.86,4.86,0.68,4.45,0.0,4.42,0.0,4.45,0.0,4.44,0,No,SI,0.8846,1Cor - 2Dia - 3Dia
106,E,3Cor,Pass,0,10.23,10.23,1.19,4.06,1.79,4.54,0.0,4.05,0.0,4.28,350,No,NO,0.5014,1Cor - 2Dia - 3Dia - Pass
106,S,Pass,5Cor,550,10.92,10.92,1.58,4.3,0.81,3.79,0.11,4.01,1.4,5.02,0,No,NO,0.9941,1Cor - 2Dia - 3Dia - Pass - 3Cor
106,W,Pass,6Dia,630,2.99,2.99,1.07,1.93,0.0,1.21,0.07,1.33,0.0,1.54,0,Si,NO,1.0000,1Cor - 2Dia - 3Dia - Pass - 3Cor - Pass
106,N,Pass,Pass,0,6.54,6.54,1.06,5.57,0.0,5.19,0.0,5.24,0.0,5.15,0,No,SI,1.0000,1Cor - 2Dia - 3Dia - Pass - 3Cor - Pass - Pass
107,S,Pass,Pass,0,6.07,6.07,0.0,5.1,0.0,5.43,0.0,5.46,0.0,5.38,0,No,SI,0.9309,
107,W,1Dia,1Dia,130,15.61,15.61,0.0,3.99,0.0,3.88,4.27,8.96,0.0,5.07,130,No,SI,1.0000,Pass
107,N,X,1Pic,170,10.3,10.3,3.33,5.66,0.0,2.85,0.08,3.31,0.0,3.63,131,No,NO,1.0000,Pass - 1Dia
107,E,1Pic,Pass,0,12.12,12.12,2.55,5.61,1.39,4.83,0.0,4.45,0.2,4.61,170,Si,NO,0.5257,Pass - 1Dia - X
107,S,2Cor,Pass,0,7.44,7.44,0.84,3.81,1.61,4.68,0.0,3.93,1.09,4.64,250,No,NO,0.3605,Pass - 1Dia - X - 1Pic
107,W,Pass,2Cor,250,9.9,9.9,0.0,2.93,0.0,2.93,1.55,4.21,1.07,4.0,0,No,NO,0.4269,Pass - 1Dia - X - 1Pic - 2Cor
107,N,Pass,2NT,290,18.85,18.85,1.52,4.26,2.66,4.41,1.09,4.38,1.35,4.5,0,No,NO,0.9747,Pass - 1Dia - X - 1Pic - 2Cor - Pass
107,E,Pass,Pass,0,6.84,6.84,0.25,4.86,1.27,6.18,0.0,5.04,0.0,5.17,0,Si,SI,0.8633,Pass - 1Dia - X - 1Pic - 2Cor - Pass - Pass
108,W,3Cor,3Pic,370,8.16,8.16,2.66,4.67,0.0,3.83,0.0,4.27,0.42,4.46,350,No,NO,0.4924,
108,N,Pass,Pass,0,5.96,5.96,0.0,5.47,0.0,5.84,0.0,5.63,0.0,5.57,0,No,SI,0.9689,3Cor
108,E,4Cor,3NT,390,1.54,1.54,0.37,0.98,0.04,0.95,0.12,0.97,0.09,1.08,450,No,NO,0.7514,3Cor - Pass
108,S,X,5Dia,530,25.21,25.21,2.74,4.85,1.65,3.39,2.04,4.58,2.81,5.62,451,No,NO,0.4456,3Cor - Pass - 4Cor
108,W,Pass,Pass,0,7.41,7.41,1.16,3.59,1.05,3.89,0.0,3.79,0.03,4.09,0,No,SI,0.9414,3Cor - Pass - 4Cor - X
108,N,Pass,5Cor,550,6.68,6.68,0.27,2.98,1.45,3.79,0.55,3.67,0.55,3.53,0,Describe,NO,0.8400,3Cor - Pass - 4Cor - X - Pass
108,E,Pass,Pass,0,1.45,1.45,0.59,1.2,0.0,0.94,0.0,0.88,0.04,1.09,0,No,SI,0.9993,3Cor - Pass - 4Cor - X - Pass - Pass
109,N,Pass,Pass,0,6.12,6.12,0.0,5.24,0.0,5.47,0.0,5.62,0.0,5.48,0,No,SI,0.9410,
109,E,1NT,1NT,190,18.29,18.29,2.19,4.7,1.44,4.23,2.31,4.96,2.07,5.13,190,No,SI,0.9849,Pass
109,S,Pass,Pass,0,5.97,5.97,0.0,5.36,0.0,5.18,0.0,5.53,0.0,5.58,0,No,SI,0.9574,Pass - 1NT
109,W,2Tre,2Dia,230,9.8,9.8,0.49,4.1,0.93,4.82,1.02,5.5,0.06,4.43,210,Si,NO,0.9991,Pass - 1NT - Pass
109,N,Pass,Pass,0,5.77,5.77,0.0,5.1,0.0,4.94,0.0,5.18,0.0,5.07,0,No,SI,0.9903,Pass - 1NT - Pass - 2Tre
109,E,2Cor,2Cor,250,15.71,15.71,1.39,4.4,2.59,5.43,1.03,4.88,1.18,4.95,250,No,SI,0.4965,Pass - 1NT - Pass - 2Tre - Pass
109,S,Pass,Pass,0,6.09,6.09,0.0,5.57,0.0,5.44,0.0,5.77,0.0,5.82,0,No,SI,0.9550,Pass - 1NT - Pass - 2Tre - Pass - 2Cor
109,W,3Tre,4Dia,430,14.46,14.46,0.0,3.56,0.0,2.64,3.7,5.9,0.15,4.25,310,Si,NO,0.6129,Pass - 1NT - Pass - 2Tre - Pass - 2Cor - Pass
109,N,Pass,Pass,0,6.27,6.27,0.0,5.68,0.0,5.41,0.0,5.58,0.0,5.55,0,No,SI,0.9775,Pass - 1NT - Pass - 2Tre - Pass - 2Cor - Pass - 3Tre
109,E,3Pic,Pass,0,15.62,15.62,1.5,4.53,2.32,5.31,0.67,4.78,1.05,5.05,370,Si,NO,0.4518,Pass - 1NT - Pass - 2Tre - Pass - 2Cor - Pass - 3Tre - Pass
109,S,Pass,Pass,0,5.98,5.98,0.0,5.55,0.0,5.56,0.0,5.78,0.0,5.73,0,No,SI,0.9996,Pass - 1NT - Pass - 2Tre - Pass - 2Cor - Pass - 3Tre - Pass - 3Pic
109,W,4Pic,4Dia,430,15.79,15.79,0.0,3.68,0.0,3.28,3.06,5.61,0.53,4.67,470,No,NO,0.7760,Pass - 1NT - Pass - 2Tre - Pass - 2Cor - Pass - 3Tre - Pass - 3Pic - Pass
110,E,1Dia,1Dia,130,16.89,16.89,0.0,4.38,0.0,4.17,3.44,8.0,0.0,5.56,130,No,SI,0.9986,
110,S,1Pic,3Pic,370,10.08,10.08,3.09,5.34,0.54,4.34,0.0,4.41,0.47,4.65,170,No,NO,0.7781,1Dia
110,W,3Pic,3NT,390,14.99,14.99,0.0,3.85,0.0,3.42,4.05,8.67,0.0,5.34,370,Si,NO,0.7124,1Dia - 1Pic
110,N,Pass,4Dia,430,4.86,4.86,0.0,3.21,1.59,4.75,0.0,4.26,0.94,4.05,0,No,NO,0.9997,1Dia - 1Pic - 3Pic
110,E,4Dia,5Pic,570,12.12,12.12,0.63,3.95,0.26,3.9,0.71,4.27,0.15,4.35,430,No,NO,0.2975,1Dia - 1Pic - 3Pic - Pass
110,S,Pass,Pass,0,7.98,7.98,1.39,4.52,0.0,3.84,0.2,4.51,0.31,4.53,0,No,SI,0.9977,1Dia - 1Pic - 3Pic - Pass - 4Dia
110,W,5Dia,6Dia,630,15.12,15.12,0.0,3.44,0.0,3.35,4.56,8.0,0.0,5.07,530,No,NO,0.9943,1Dia - 1Pic - 3Pic - Pass - 4Dia - Pass
110,N,Pass,Pass,0,2.81,2.81,0.17,2.53,0.0,3.07,0.04,3.31,0.4,3.56,0,No,SI,0.9565,1Dia - 1Pic - 3Pic - Pass - 4Dia - Pass - 5Dia
110,E,Pass,Pass,0,11.8,11.8,0.83,3.99,0.76,4.12,0.51,4.26,0.15,4.4,0,No,SI,0.9779,1Dia - 1Pic - 3Pic - Pass - 4Dia - Pass - 5Dia - Pass
110,S,Pass,Pass,0,8.43,8.43,1.23,4.43,0.0,3.94,0.51,4.64,0.34,4.55,0,No,SI,0.9978,1Dia - 1Pic - 3Pic - Pass - 4Dia - Pass - 5Dia - Pass - Pass
111,S,1Pic,1Pic,170,14.98,14.98,3.67,6.86,0.8,4.81,0.0,4.83,0.0,5.0,170,No,SI,0.9999,
111,W,3Dia,1Pic,170,5.19,5.19,2.01,3.46,0.0,1.75,0.0,1.89,0.0,2.31,330,No,NO,1.0000,1Pic
111,N,X,3Cor,350,15.64,15.64,1.49,4.38,1.66,4.6,0.71,4.4,0.29,4.53,331,No,NO,0.9956,1Pic - 3Dia
111,E,Pass,Pass,0,6.67,6.67,0.62,5.77,0.0,5.2,0.0,5.47,0.0,5.5,0,No,SI,0.8982,1Pic - 3Dia - X
111,S,4Pic,3Cor,350,6.7,6.7,2.19,3.8,0.0,2.4,0.36,2.77,0.12,2.84,470,No,NO,0.9985,1Pic - 3Dia - X - Pass
111,W,Pass,4Pic,470,8.47,8.47,3.01,5.22,0.0,2.51,0.0,2.82,0.0,3.31,0,No,NO,0.9998,1Pic - 3Dia - X - Pass - 4Pic
111,N,Pass,Pass,0,11.43,11.43,0.73,4.13,2.87,5.47,0.0,4.37,0.95,4.63,0,No,SI,0.4196,1Pic - 3Dia - X - Pass - 4Pic - Pass
111,E,Pass,Pass,0,5.38,5.38,0.0,4.45,0.0,4.47,0.0,4.87,0.0,4.73,0,No,SI,0.9688,1Pic - 3Dia - X - Pass - 4Pic - Pass - Pass
112,W,Pass,Pass,0,6.57,6.57,0.0,4.95,0.0,5.58,0.0,5.38,0.0,5.34,0,No,SI,0.7898,
112,N,Pass,Pass,0,5.59,5.59,0.0,5.26,0.0,5.41,0.0,5.39,0.0,5.16,0,No,SI,0.9819,Pass
112,E,1Dia,1Dia,130,16.7,16.7,0.0,4.31,0.0,4.08,3.24,7.57,0.07,5.4,130,No,SI,0.9973,Pass - Pass
112,S,X,1Pic,170,3.38,3.38,1.44,2.45,0.0,1.34,0.0,1.32,0.0,1.72,131,No,NO,1.0000,Pass - Pass - 1Dia
112,W,1Cor,1NT,190,2.22,2.22,0.57,1.49,0.07,1.38,0.3,1.52,0.25,1.59,150,No,NO,0.9804,Pass - Pass - 1Dia - X
112,N,1Pic,2Cor,250,6.48,6.48,1.13,3.56,1.78,4.24,0.0,3.66,0.0,3.91,170,No,NO,0.6405,Pass - Pass - 1Dia - X - 1Cor
112,E,Pass,2Cor,250,11.22,11.22,0.42,3.83,0.71,3.9,1.12,4.42,1.04,4.59,0,No,NO,0.9842,Pass - Pass - 1Dia - X - 1Cor - 1Pic
112,S,2Cor,4Pic,470,7.49,7.49,3.19,4.94,0.0,3.52,0.0,4.05,0.0,3.9,250,No,NO,0.8861,Pass - Pass - 1Dia - X - 1Cor - 1Pic - Pass
112,W,3Dia,Pass,0,7.25,7.25,0.8,4.0,2.41,5.4,0.0,4.37,0.0,4.61,330,No,NO,0.9916,Pass - Pass - 1Dia - X - 1Cor - 1Pic - Pass - 2Cor
112,N,3Cor,Pass,0,4.46,4.46,0.12,3.11,0.3,3.81,0.0,3.43,0.0,3.44,350,No,NO,0.8116,Pass - Pass - 1Dia - X - 1Cor - 1Pic - Pass - 2Cor - 3Dia
112,E,Pass,Pass,0,10.01,10.01,0.44,3.54,1.2,4.05,0.76,4.13,0.77,4.19,0,No,SI,0.8538,Pass - Pass - 1Dia - X - 1Cor - 1Pic - Pass - 2Cor - 3Dia - 3Cor
112,S,4Cor,Pass,0,8.59,8.59,0.55,4.17,0.0,4.21,0.66,4.85,0.98,4.97,450,No,NO,0.7668,Pass - Pass - 1Dia - X - 1Cor - 1Pic - Pass - 2Cor - 3Dia - 3Cor - Pass
112,W,Pass,Pass,0,7.37,7.37,0.75,3.68,1.65,4.55,0.0,4.01,0.0,4.18,0,No,SI,0.9803,Pass - Pass - 1Dia - X - 1Cor - 1Pic - Pass - 2Cor - 3Dia - 3Cor - Pass - 4Cor
112,N,Pass,Pass,0,6.85,6.85,0.68,3.59,0.75,4.15,0.0,3.96,0.0,4.0,0,No,SI,0.6439,Pass - Pass - 1Dia - X - 1Cor - 1Pic - Pass - 2Cor - 3Dia - 3Cor - Pass - 4Cor - Pass
112,E,Pass,Pass,0,11.57,11.57,0.52,3.92,1.39,4.51,0.88,4.57,0.77,4.55,0,No,SI,0.8302,Pass - Pass - 1Dia - X - 1Cor - 1Pic - Pass - 2Cor - 3Dia - 3Cor - Pass - 4Cor - Pass - Pass
113,N,1Tre,1Tre,110,16.07,16.07,0.0,4.23,0.0,4.05,0.0,4.2,1.97,7.32,110,No,SI,0.9970,
113,E,Pass,Pass,0,6.2,6.2,0.0,5.39,0.0,5.43,0.0,5.4,0.0,5.46,0,No,SI,0.8876,1Tre
113,S,1Pic,1NT,190,13.72,13.72,1.47,4.39,1.56,4.26,0.48,4.34,0.93,4.33,170,Si,NO,0.3936,1Tre - Pass
113,W,2Cor,2Cor,250,10.75,10.75,1.26,5.08,3.24,6.32,0.0,4.93,0.0,5.31,250,No,SI,0.6700,1Tre - Pass - 1Pic
113,N,4Pic,Pass,0,11.11,11.11,0.0,3.3,0.0,3.17,1.85,4.94,1.04,4.59,470,No,NO,0.6479,1Tre - Pass - 1Pic - 2Cor
113,E,5Cor,Pass,0,7.28,7.28,0.05,3.39,1.61,4.81,0.0,3.99,0.4,4.21,550,No,NO,0.7909,1Tre - Pass - 1Pic - 2Cor - 4Pic
113,S,Pass,6Dia,630,5.7,5.7,1.6,3.17,0.0,2.03,0.49,2.45,0.09,2.5,0,Si,NO,1.0000,1Tre - Pass - 1Pic - 2Cor - 4Pic - 5Cor
113,W,Pass,Pass,0,11.81,11.81,1.2,5.61,3.87,7.38,0.0,5.36,0.0,5.82,0,No,SI,1.0000,1Tre - Pass - 1Pic - 2Cor - 4Pic - 5Cor - Pass
113,N,5Pic,Pass,0,11.14,11.14,0.4,3.38,0.0,3.07,2.1,4.57,0.95,3.95,570,No,NO,0.9565,1Tre - Pass - 1Pic - 2Cor - 4Pic - 5Cor - Pass - Pass
113,E,Pass,Pass,0,6.12,6.12,0.0,4.24,0.29,4.99,0.0,4.49,0.0,4.59,0,No,SI,0.9998,1Tre - Pass - 1Pic - 2Cor - 4Pic - 5Cor - Pass - Pass - 5Pic
113,S,Pass,6Dia,630,6.7,6.7,1.84,3.61,0.0,2.27,0.55,2.77,0.09,2.78,0,Si,NO,1.0000,1Tre - Pass - 1Pic - 2Cor - 4Pic - 5Cor - Pass - Pass - 5Pic - Pass
113,W,Pass,Pass,0,11.58,11.58,0.69,4.96,4.31,7.32,0.0,5.17,0.0,5.56,0,No,SI,1.0000,1Tre - Pass - 1Pic - 2Cor - 4Pic - 5Cor - Pass - Pass - 5Pic - Pass - Pass
114,E,Pass,Pass,0,6.08,6.08,0.0,5.27,0.0,5.7,0.0,5.57,0.0,5.51,0,No,SI,0.9481,
114,S,1Dia,1Dia,130,16.43,16.43,0.0,4.49,0.0,4.22,2.99,7.34,0.4,5.57,130,No,SI,0.9948,Pass
114,W,Pass,Pass,0,6.52,6.52,0.0,5.88,0.0,5.95,0.0,6.02,0.0,6.03,0,No,SI,0.9327,Pass - 1Dia
114,N,1Pic,1Pic,170,10.84,10.84,2.44,5.07,0.79,3.86,0.12,3.98,0.42,4.09,170,Si,SI,0.9997,Pass - 1Dia - Pass
114,E,Pass,Pass,0,6.26,6.26,0.0,5.5,0.0,5.46,0.0,5.59,0.0,5.71,0,No,SI,0.9074,Pass - 1Dia - Pass - 1Pic
114,S,2Pic,1NT,190,14.54,14.54,2.04,4.17,1.22,3.74,1.82,4.2,1.91,4.57,270,No,NO,0.9259,Pass - 1Dia - Pass - 1Pic - Pass
114,W,Pass,Pass,0,6.76,6.76,0.0,5.84,0.0,6.1,0.0,5.94,0.0,5.89,0,No,SI,0.9988,Pass - 1Dia - Pass - 1Pic - Pass - 2Pic
114,N,Pass,3Pic,370,9.8,9.8,2.59,5.29,0.39,4.03,0.0,4.05,0.12,4.15,0,Si,NO,0.6477,Pass - 1Dia - Pass - 1Pic - Pass - 2Pic - Pass
114,E,Pass,Pass,0,6.4,6.4,0.0,5.52,0.0,5.61,0.0,5.79,0.0,5.84,0,No,SI,0.9852,Pass - 1Dia - Pass - 1Pic - Pass - 2Pic - Pass - Pass
115,S,Pass,Pass,0,6.07,6.07,0.0,5.1,0.0,5.43,0.0,5.46,0.0,5.38,0,No,SI,0.9309,
115,W,Pass,Pass,0,5.96,5.96,0.0,5.11,0.0,5.8,0.0,5.52,0.0,5.55,0,No,SI,0.6659,Pass
115,N,3Dia,3Tre,310,8.86,8.86,0.68,3.55,0.0,3.48,0.89,4.92,1.99,5.08,330,No,NO,0.3230,Pass - Pass
115,E,X,5Cor,550,19.12,19.12,2.56,5.15,0.95,4.27,1.07,4.65,0.97,4.98,331,No,NO,0.4323,Pass - Pass - 3Dia
115,S,4Dia,Pass,0,6.66,6.66,0.0,5.92,0.0,5.74,0.0,6.1,0.0,6.12,430,No,NO,1.0000,Pass - Pass - 3Dia - X
115,W,4Cor,6Dia,630,6.57,6.57,0.0,3.08,2.0,4.71,0.7,4.49,0.15,3.81,450,No,NO,0.8968,Pass - Pass - 3Dia - X - 4Dia
115,N,Pass,Pass,0,6.86,6.86,0.37,2.65,0.35,2.84,0.98,3.45,1.11,3.61,0,No,SI,0.9814,Pass - Pass - 3Dia - X - 4Dia - 4Cor
115,E,Pass,6Pic,670,23.58,23.58,2.7,6.22,1.43,5.64,1.29,5.85,1.01,5.99,0,No,NO,0.9044,Pass - Pass - 3Dia - X - 4Dia - 4Cor - Pass
115,S,Pass,Pass,0,7.4,7.4,0.24,5.22,0.0,4.94,0.0,5.54,0.0,5.55,0,No,SI,0.9999,Pass - Pass - 3Dia - X - 4Dia - 4Cor - Pass - Pass
